source_id,source_file,original_id,original_severity,title,work_package,decision,related,scope,status,evidence
F001,audits/dsh-notifier-dev-full-audit-2026-10-01.md,1,P1,markdown+keyboard 卡片仍不携带 `msg_id`；同文件普通 C2C 被动回复明确会携带 `msg_id`。,WP09,补C2C被动来源并保留主动文本兜底，不断言msg_id就是按钮根因,,source-occurrence-not-unique-bug,planned,
F002,audits/dsh-notifier-dev-full-audit-2026-10-01.md,2,P1,仍硬编码 `buttons: true`，但项目风险记录明确承认 QQ keyboard 真机渲染闭环未完成。,WP09,能力改分证据字段，设备未验证保持unknown,,source-occurrence-not-unique-bug,planned,
F003,audits/dsh-notifier-dev-full-audit-2026-10-01.md,3,P1,发送成功判据只观察 HTTP/业务响应，不观察客户端是否实际渲染 keyboard。,WP06,HTTP成功仅accepted，渲染证据独立,,source-occurrence-not-unique-bug,planned,
F004,audits/dsh-notifier-dev-full-audit-2026-10-01.md,4,P2,"问题按钮只生成 `options.slice(0, 5)`。",WP09,全部选项编号/分页可达，禁止slice静默丢项,,source-occurrence-not-unique-bug,planned,
F005,audits/dsh-notifier-dev-full-audit-2026-10-01.md,5,P2,markdown 超过 3000 码点时只取首块，没有显式截断提示。,WP09,最终payload预算及截断提示/续页,,source-occurrence-not-unique-bug,planned,
F006,audits/dsh-notifier-dev-full-audit-2026-10-01.md,6,P2,仍发送已在 #26 中记录为废弃的 `click_limit` 字段。,WP09,移除废弃click_limit并测官方字段形状,,source-occurrence-not-unique-bug,planned,
F007,audits/dsh-notifier-dev-full-audit-2026-10-01.md,7,P2,QQ 不能编辑原卡片时只补发结果文本，旧按钮卡仍留在会话中。,WP04,终态服务端拒旧按钮，编辑失败补状态回执,,source-occurrence-not-unique-bug,planned,
F008,audits/dsh-notifier-dev-full-audit-2026-10-01.md,8,P2,每目标 `msg_seq` 仅保留在 1024 项内存 Map。,WP09,seq按账号和回复上下文分域，失忆不盲重复,,source-occurrence-not-unique-bug,planned,
F009,audits/dsh-notifier-dev-full-audit-2026-10-01.md,9,P1,动态学习的群聊类型同样只有 1024 项；被淘汰且不在 `notifyGroups` 时回退为 user。,WP07,删除群target学习和user默认猜测,,source-occurrence-not-unique-bug,planned,
F010,audits/dsh-notifier-dev-full-audit-2026-10-01.md,10,P1,服务端返回的 WebSocket gateway URL 未校验协议、主机或来源。,WP09,WSS和受信目标校验，拒任意gateway URL,,source-occurrence-not-unique-bug,planned,
F011,audits/dsh-notifier-dev-full-audit-2026-10-01.md,11,P1,自定义 apiBase 会接收带 `Authorization: QQBot <token>` 的请求。,WP09,自定义apiBase明确凭据受信边界及重定向约束,,source-occurrence-not-unique-bug,planned,
F012,audits/dsh-notifier-dev-full-audit-2026-10-01.md,12,P2,`error` 事件处理器为空，代码依赖随后一定出现 close。,WP09,error/close统一幂等失败和重连,,source-occurrence-not-unique-bug,planned,
F013,audits/dsh-notifier-dev-full-audit-2026-10-01.md,13,P2,心跳 `sendFrame()` 返回 false 时只结束本拍，不主动判死连接。,WP09,写失败心跳判连接故障，不保留僵尸online,,source-occurrence-not-unique-bug,planned,
F014,audits/dsh-notifier-dev-full-audit-2026-10-01.md,14,P2,HELLO→READY/RESUMED→ACK→丢 ACK→恢复仍缺当前 dev 的真实长时间 soak。,WP09,协议回放覆盖握手心跳恢复，真实soak仍未验证,,source-occurrence-not-unique-bug,planned,
F015,audits/dsh-notifier-dev-full-audit-2026-10-01.md,15,P2,4006/4007/4008/4009 和 INVALID_SESSION 恢复分支没有真实 close frame 证据。,WP09,逐close/invalid-session回放，不冒充真机帧,,source-occurrence-not-unique-bug,planned,
F016,audits/dsh-notifier-dev-full-audit-2026-10-01.md,16,P2,QQ 群 @ 形态白名单仍缺充分真机样本。,WP07,删除群mention正向功能，只留拒绝,,source-occurrence-not-unique-bug,planned,
F017,audits/dsh-notifier-dev-full-audit-2026-10-01.md,17,P2,QQ GROUP 附件没有真实 provider 样本，能力仍未闭环。,WP07,删除GROUP附件业务，不为其补样本,,source-occurrence-not-unique-bug,planned,
F018,audits/dsh-notifier-dev-full-audit-2026-10-01.md,18,P2,超过被动回复 4/5 条配额时仍继续发，只 warn。,WP09,回复配额耗尽返回partial并停止后续段,,source-occurrence-not-unique-bug,planned,
F019,audits/dsh-notifier-dev-full-audit-2026-10-01.md,19,P2,服务端 heartbeat interval 最终只做 50ms 下限，没有合理协议范围校验。,WP09,验证心跳上下界，非法帧降级断连,,source-occurrence-not-unique-bug,planned,
F020,audits/dsh-notifier-dev-full-audit-2026-10-01.md,20,P1,#26 当前仍 open；dev 只收敛了部分字段形状，核心真机“正文有、按钮无”没有关闭证据。,WP09,保留#26设备证据缺口，修协议并强制文字兜底,,source-occurrence-not-unique-bug,planned,
F021,audits/dsh-notifier-dev-full-audit-2026-10-01.md,21,P1,`clientState()` 只看 `running`，start 后即表现为 connected，即使第一次 getUpdates 从未成功。,WP08,首次成功轮询才提供连接证据,,source-occurrence-not-unique-bug,planned,
F022,audits/dsh-notifier-dev-full-audit-2026-10-01.md,22,P1,update 已处理但 `tg:offset` 持久化失败时只 break 当前 batch，外层立即继续循环。,WP08,offset写失败暂停处理并存储恢复退避,,source-occurrence-not-unique-bug,planned,
F023,audits/dsh-notifier-dev-full-audit-2026-10-01.md,23,P1,单个持续抛错的 poison update 会阻止 offset 前移。,WP08,坏update持久隔离后推进，非永久错不静默丢弃,,source-occurrence-not-unique-bug,planned,
F024,audits/dsh-notifier-dev-full-audit-2026-10-01.md,24,P2,api() 解析 429 `retry_after`，但长轮询外层 catch 固定按 backoffMs 重试。,WP08,poll层遵守retry_after和整体deadline,,source-occurrence-not-unique-bug,planned,
F025,audits/dsh-notifier-dev-full-audit-2026-10-01.md,25,P2,轮询异常退避是固定间隔，没有指数增长和 jitter。,WP08,指数退避+jitter并有停止信号,,source-occurrence-not-unique-bug,planned,
F026,audits/dsh-notifier-dev-full-audit-2026-10-01.md,26,P2,stop 不 abort 在途 getUpdates，最长等待当前长轮询自然结束。,WP08,stop abort在途poll并await,,source-occurrence-not-unique-bug,planned,
F027,audits/dsh-notifier-dev-full-audit-2026-10-01.md,27,P2,Telegram callback 短引用只存在内存，进程重启全部失效。,WP04,持久ref带来源TTL，重启仍验证当前权限,,source-occurrence-not-unique-bug,planned,
F028,audits/dsh-notifier-dev-full-audit-2026-10-01.md,28,P2,callback refs 硬上限 256。,WP04,有效ref容量满背压/文字兜底，不早淘汰授权,,source-occurrence-not-unique-bug,planned,
F029,audits/dsh-notifier-dev-full-audit-2026-10-01.md,29,P2,自定义动作全部塞进同一 keyboard row，没有按钮数量上限。,WP08,按钮行数/数量预算和分页,,source-occurrence-not-unique-bug,planned,
F030,audits/dsh-notifier-dev-full-audit-2026-10-01.md,30,P2,"普通命令回执使用 `.slice(0, 4000)`，未复用 surrogate-safe clamp。",WP08,正文使用UTF16安全分段,,source-occurrence-not-unique-bug,planned,
F031,audits/dsh-notifier-dev-full-audit-2026-10-01.md,31,P2,"部分 callback 提示使用 `.slice(0, 200)`。",WP08,toast使用Unicode安全长度预算,,source-occurrence-not-unique-bug,planned,
F032,audits/dsh-notifier-dev-full-audit-2026-10-01.md,32,P2,最后一级独立文本兜底失败后静默。,WP04,结果回执失败留可诊断记录，不改业务终态,,source-occurrence-not-unique-bug,planned,
F033,audits/dsh-notifier-dev-full-audit-2026-10-01.md,33,P2,入站只处理 `message.text` 与 callback_query。,WP08,图片文件接已有附件管线，语音明确能力边界,,source-occurrence-not-unique-bug,planned,
F034,audits/dsh-notifier-dev-full-audit-2026-10-01.md,34,P2,多处 `answerCallbackQuery(...).catch(() => {})`。,WP08,ACK错误可观察且不重复业务,,source-occurrence-not-unique-bug,planned,
F035,audits/dsh-notifier-dev-full-audit-2026-10-01.md,35,P2,Telegram 4096 UTF-16 边界仍在真实 provider handoff 列表。,WP08,边界向量覆盖emoji/转义；真实客户端未验证不升级,,source-occurrence-not-unique-bug,planned,
F036,audits/dsh-notifier-dev-full-audit-2026-10-01.md,36,P2,响应体直接 `response.json()`，无响应字节上限。,WP08,读取JSON前流式字节上限,,source-occurrence-not-unique-bug,planned,
F037,audits/dsh-notifier-dev-full-audit-2026-10-01.md,37,P3,过期 ref peek 时返回 null 但不删除。,WP04,peek发现过期同步/定期清理,,source-occurrence-not-unique-bug,planned,
F038,audits/dsh-notifier-dev-full-audit-2026-10-01.md,38,P2,409 固定提示“可能有 webhook/BotFather 删除 webhook”。,WP08,区分provider与网关409来源,,source-occurrence-not-unique-bug,planned,
F039,audits/dsh-notifier-dev-full-audit-2026-10-01.md,39,P1,P2P operator/open_chat_id/open_chat_type 关键字段仍缺当前 dev 新真机闭环。,WP10,P2P来源按可信字段/存储关联，缺证据拒绝,,source-occurrence-not-unique-bug,planned,
F040,audits/dsh-notifier-dev-full-audit-2026-10-01.md,40,P2,假定 SDK 1.73.0 defaultHttpInstance 提供完整 request/get/delete/head/options/post/put/patch 方法表。,WP10,安装真实可选SDK验证方法与timeout接口,,source-occurrence-not-unique-bug,planned,
F041,audits/dsh-notifier-dev-full-audit-2026-10-01.md,41,P2,旧卡片缺 srcChat 时兼容放行。,WP04,旧缺source卡片不兼容放行,,source-occurrence-not-unique-bug,planned,
F042,audits/dsh-notifier-dev-full-audit-2026-10-01.md,42,P2,只有新卡片 iat 才有 15 分钟卡片 TTL。,WP04,旧缺TTL卡片失效，不重新铸有效期,,source-occurrence-not-unique-bug,planned,
F043,audits/dsh-notifier-dev-full-audit-2026-10-01.md,43,P2,patch 失败只补发文本，旧 interactive 卡片仍存在。,WP04,已决不重执行；patch失败補发同短号状态,,source-occurrence-not-unique-bug,planned,
F044,audits/dsh-notifier-dev-full-audit-2026-10-01.md,44,P2,群聊降级会把 title/content 作为普通文本发送。,WP07,删除向群发送敏感内容的fallback,,source-occurrence-not-unique-bug,planned,
F045,audits/dsh-notifier-dev-full-audit-2026-10-01.md,45,P1,群聊敏感文本拦截依赖文本启发式，不是结构化类型。,WP07,删除群文本启发式许可，结构化拒绝群,,source-occurrence-not-unique-bug,planned,
F046,audits/dsh-notifier-dev-full-audit-2026-10-01.md,46,P2,mentions 映射缺失时会直接删除 `@_user_N`。,WP10,缺mention映射保留语义/显式说明,,source-occurrence-not-unique-bug,planned,
F047,audits/dsh-notifier-dev-full-audit-2026-10-01.md,47,P2,未知 ID 前缀默认按 open_id。,WP10,未知ID类型拒绝，不默认open_id,,source-occurrence-not-unique-bug,planned,
F048,audits/dsh-notifier-dev-full-audit-2026-10-01.md,48,P2,关闭异常吞掉后仍清引用并标 stopped。,WP05,异步关闭失败不报stopped,,source-occurrence-not-unique-bug,planned,
F049,audits/dsh-notifier-dev-full-audit-2026-10-01.md,49,P2,Feishu SDK 为 optionalDependency，根 CI 不做根目录 npm install。,WP10,真实SDK安装与export/生命周期测试,,source-occurrence-not-unique-bug,planned,
F050,audits/dsh-notifier-dev-full-audit-2026-10-01.md,50,P2,mentions-map 恢复没有真实 payload 样本闭环。,WP10,fixture证据标注，无真实样本不冒充,,source-occurrence-not-unique-bug,planned,
F051,audits/dsh-notifier-dev-full-audit-2026-10-01.md,51,P3,多选问题直接放弃原生卡片。,WP10,多选走完整文本交互，不宣称原生卡片,,source-occurrence-not-unique-bug,planned,
F052,audits/dsh-notifier-dev-full-audit-2026-10-01.md,52,P1,仓库记录官方 SDK ACK 帧含顶层 `message: OK`，本实现省略，且无真实 10 分钟 soak。,WP11,ACK形状对齐资料且与业务结算分开,,source-occurrence-not-unique-bug,planned,
F053,audits/dsh-notifier-dev-full-audit-2026-10-01.md,53,P2,ping marker 使用 topic/method/event_type 并集，缺真实帧裁决。,WP11,SYSTEM帧使用显式识别和回放证据,,source-occurrence-not-unique-bug,planned,
F054,audits/dsh-notifier-dev-full-audit-2026-10-01.md,54,P2,顶层 JSON 解析失败直接 return。,WP11,坏frame记录有界诊断，不静默消失,,source-occurrence-not-unique-bug,planned,
F055,audits/dsh-notifier-dev-full-audit-2026-10-01.md,55,P1,data 子段解析失败时 ACK 已完成。,WP11,解析/持久接收与ACK顺序明确，不丢业务,,source-occurrence-not-unique-bug,planned,
F056,audits/dsh-notifier-dev-full-audit-2026-10-01.md,56,P2,appSecret 位于 gettoken 查询串。,WP21,appSecret查询串按结构脱敏,,source-occurrence-not-unique-bug,planned,
F057,audits/dsh-notifier-dev-full-audit-2026-10-01.md,57,P2,Stream ticket 位于 WebSocket URL 查询串。,WP21,WebSocket ticket URL不出日志,,source-occurrence-not-unique-bug,planned,
F058,audits/dsh-notifier-dev-full-audit-2026-10-01.md,58,P2,去重表有容量上限。,WP11,有效去重窗口容量满背压而非早淘汰,,source-occurrence-not-unique-bug,planned,
F059,audits/dsh-notifier-dev-full-audit-2026-10-01.md,59,P2,会话 webhook 只保存在有界内存 Map。,WP11,短期webhook过期/重启明确降级,,source-occurrence-not-unique-bug,planned,
F060,audits/dsh-notifier-dev-full-audit-2026-10-01.md,60,P2,chat sender 也是有界进程内状态。,WP11,sender映射丢失不得猜目标,,source-occurrence-not-unique-bug,planned,
F061,audits/dsh-notifier-dev-full-audit-2026-10-01.md,61,P2,主动推送依赖先从入站学习并持久化 robotCode。,WP11,未学习robotCode显示needs-inbound,,source-occurrence-not-unique-bug,planned,
F062,audits/dsh-notifier-dev-full-audit-2026-10-01.md,62,P3,本地回复 messageId 依赖 Date.now + 进程内 seq。,WP11,合成ID用随机ID避免毫秒冲突,,source-occurrence-not-unique-bug,planned,
F063,audits/dsh-notifier-dev-full-audit-2026-10-01.md,63,P2,iLink watchdog 阈值主要靠 mock/推断。,WP11,watchdog基于poll时长，回放测试不当真机,,source-occurrence-not-unique-bug,planned,
F064,audits/dsh-notifier-dev-full-audit-2026-10-01.md,64,P2,iLink QR/context token/长轮询恢复仍在真实 provider handoff。,WP11,QR/cursor/恢复按故障点测试，真实证据单列,,source-occurrence-not-unique-bug,planned,
F065,audits/dsh-notifier-dev-full-audit-2026-10-01.md,65,P2,wechat ctx/sync/debounce/dedup 淘汰行为主要靠 mock。,WP11,上下文淘汰明确恢复路径和边界,,source-occurrence-not-unique-bug,planned,
F066,audits/dsh-notifier-dev-full-audit-2026-10-01.md,66,P1,WxPusher forged UID 行为仍为开放风险。,WP11,UID不是认证，无可靠来源时关闭control,,source-occurrence-not-unique-bug,planned,
F067,audits/dsh-notifier-dev-full-audit-2026-10-01.md,67,P2,本地 accountId 缺省为字面量 default。,WP02,稳定account命名空间迁移，拒共享default混用,,source-occurrence-not-unique-bug,planned,
F068,audits/dsh-notifier-dev-full-audit-2026-10-01.md,68,P2,WxPusher callback shape 仍在 real-provider handoff。,WP11,callback shape缺证据则不能开放控制,,source-occurrence-not-unique-bug,planned,
F069,audits/dsh-notifier-dev-full-audit-2026-10-01.md,69,P1,纯附件占位符与紧随其后的普通文本会被合并；后续只在整段正文恰等于单个占位符时剥离。,WP12,结构化附件合并，不把占位符变正文,,source-occurrence-not-unique-bug,planned,
F070,audits/dsh-notifier-dev-full-audit-2026-10-01.md,70,P1,连续两条纯附件会合并为多个占位符。,WP12,连续附件保持纯附件序列,,source-occurrence-not-unique-bug,planned,
F071,audits/dsh-notifier-dev-full-audit-2026-10-01.md,71,P2,merge key 用 `channel:userId:chatId` 直接拼接，无分隔符转义。,WP02,tuple采用无歧义编码,,source-occurrence-not-unique-bug,planned,
F072,audits/dsh-notifier-dev-full-audit-2026-10-01.md,72,P2,merge key 只有 256 项上限。,WP12,merge队列有界，溢出反馈不无声提前乱序,,source-occurrence-not-unique-bug,planned,
F073,audits/dsh-notifier-dev-full-audit-2026-10-01.md,73,P2,flush 后通过 fire-and-forget 异步 route。,WP12,会话内串行await路由,,source-occurrence-not-unique-bug,planned,
F074,audits/dsh-notifier-dev-full-audit-2026-10-01.md,74,P2,任何 `/` 开头正文优先进入命令解析。,WP12,只匹配已注册完整命令并提供转义,,source-occurrence-not-unique-bug,planned,
F075,audits/dsh-notifier-dev-full-audit-2026-10-01.md,75,P2,任何 `!` 前缀正文都变成 steer。,WP12,明确/steer，退出任意!前缀副作用,,source-occurrence-not-unique-bug,planned,
F076,audits/dsh-notifier-dev-full-audit-2026-10-01.md,76,P2,agent.steer/inject/followup 被当同步调用，没有 await。,WP12,await所有Host调用，捕获Promise失败,,source-occurrence-not-unique-bug,planned,
F077,audits/dsh-notifier-dev-full-audit-2026-10-01.md,77,P2,是否 inject 只检查 `agent.status === running`。,WP18,Host状态能力适配，未知状态不猜,,source-occurrence-not-unique-bug,planned,
F078,audits/dsh-notifier-dev-full-audit-2026-10-01.md,78,P2,多个附件逐个串行下载/admission。,WP12,附件有限并发，保持原输入顺序,,source-occurrence-not-unique-bug,planned,
F079,audits/dsh-notifier-dev-full-audit-2026-10-01.md,79,P2,部分附件失败仍投递正文和成功附件。,WP12,附件失败默认暂停，显式确认部分发送,,source-occurrence-not-unique-bug,planned,
F080,audits/dsh-notifier-dev-full-audit-2026-10-01.md,80,P2,未显式绑定时仍保留通道默认/唯一 agent/最近活跃等自动兜底。,WP12,只用明确绑定/默认目标，否则选择,,source-occurrence-not-unique-bug,planned,
F081,audits/dsh-notifier-dev-full-audit-2026-10-01.md,81,P2,任务选择卡直接展示 workspace、session ID、状态。,WP12,选择卡展示短别名，隐藏绝对路径,,source-occurrence-not-unique-bug,planned,
F082,audits/dsh-notifier-dev-full-audit-2026-10-01.md,82,P2,多处任务选择、绑定保存、附件失败文案仍硬编码中文。,WP19,统一locale来源及中英回执,,source-occurrence-not-unique-bug,planned,
F083,audits/dsh-notifier-dev-full-audit-2026-10-01.md,83,P2,任务候选列表没有 provider 长度预算或分页。,WP12,任务分页/文本长度预算,,source-occurrence-not-unique-bug,planned,
F084,audits/dsh-notifier-dev-full-audit-2026-10-01.md,84,P2,命令、merge、task selection、Control Core 多层组合。,WP12,生产入站到Host组合测试防重复消费,,source-occurrence-not-unique-bug,planned,
F085,audits/dsh-notifier-dev-full-audit-2026-10-01.md,85,P2,持久化绑定成功后才更新 session-registry 挂钩。,WP12,registry是投影，版本核对并可重建,,source-occurrence-not-unique-bug,planned,
F086,audits/dsh-notifier-dev-full-audit-2026-10-01.md,86,P2,解绑落盘后 registry detach 失败会被防御壳吞掉。,WP12,detach失败可见，不使用旧挂钩,,source-occurrence-not-unique-bug,planned,
F087,audits/dsh-notifier-dev-full-audit-2026-10-01.md,87,P1,路由后 0 个目标时返回 `ok: true`，只写 skipped `(no-targets)`。,WP06,零目标summary=noop且ok=false,,source-occurrence-not-unique-bug,planned,
F088,audits/dsh-notifier-dev-full-audit-2026-10-01.md,88,P2,quiet 模式也返回 `ok: true`。,WP06,纯quiet/skipped为noop，兼容修正写changelog,,source-occurrence-not-unique-bug,planned,
F089,audits/dsh-notifier-dev-full-audit-2026-10-01.md,89,P2,单渠道返回形状不暴露 accepted/confirmed 证据强度。,WP06,单发与广播从同一evidence投影,,source-occurrence-not-unique-bug,planned,
F090,audits/dsh-notifier-dev-full-audit-2026-10-01.md,90,P2,`delivered` 仍是 accepted 的 legacy 别名。,WP06,delivered保留deprecated accepted alias,,source-occurrence-not-unique-bug,planned,
F091,audits/dsh-notifier-dev-full-audit-2026-10-01.md,91,P3,并发任务直接 push accepted/confirmed/failed。,WP06,按路由顺序稳定汇总结果,,source-occurrence-not-unique-bug,planned,
F092,audits/dsh-notifier-dev-full-audit-2026-10-01.md,92,P2,flush 只等待调用瞬间的 inFlight 快照。,WP06,flush捕获watermark并等待该批retries,,source-occurrence-not-unique-bug,planned,
F093,audits/dsh-notifier-dev-full-audit-2026-10-01.md,93,P1,除 noRetry/uncertain 外，失败会重试整次发送。,WP06,不确定发送不自动整条重试,,source-occurrence-not-unique-bug,planned,
F094,audits/dsh-notifier-dev-full-audit-2026-10-01.md,94,P2,分段发送中途失败后已发前缀保留、后缀丢失。,WP06,逐段结果partial，不重发已受理前缀,,source-occurrence-not-unique-bug,planned,
F095,audits/dsh-notifier-dev-full-audit-2026-10-01.md,95,P2,同一 level 重复声明同一 channel 不去重。,WP06,按TargetRef去重路由,,source-occurrence-not-unique-bug,planned,
F096,audits/dsh-notifier-dev-full-audit-2026-10-01.md,96,P1,routing entry 除 channel 外任意字段浅合并到 message。,WP06,路由覆盖字段白名单，不任意spread,,source-occurrence-not-unique-bug,planned,
F097,audits/dsh-notifier-dev-full-audit-2026-10-01.md,97,P3,未知 level 静默归 active。,WP06,未知level拒绝并给字段错误,,source-occurrence-not-unique-bug,planned,
F098,audits/dsh-notifier-dev-full-audit-2026-10-01.md,98,P2,retry.attempts 不显式取整。,WP06,attempts必须有界整数,,source-occurrence-not-unique-bug,planned,
F099,audits/dsh-notifier-dev-full-audit-2026-10-01.md,99,P2,provider retryAfterMs 没有总上限。,WP06,retryAfter超过deadline不提前发,,source-occurrence-not-unique-bug,planned,
F100,audits/dsh-notifier-dev-full-audit-2026-10-01.md,100,P2,指数退避没有 jitter。,WP06,有界指数退避加jitter,,source-occurrence-not-unique-bug,planned,
F101,audits/dsh-notifier-dev-full-audit-2026-10-01.md,101,P2,28 渠道广播全部并发，没有总并发预算。,WP06,全局/每账号有界并发与背压,,source-occurrence-not-unique-bug,planned,
F102,audits/dsh-notifier-dev-full-audit-2026-10-01.md,102,P1,每次 lifecycle 状态变化都递增 epoch，但注释把 epoch 定义成 runtime 实例世代。,WP05,实例更换才增加epoch,,source-occurrence-not-unique-bug,planned,
F103,audits/dsh-notifier-dev-full-audit-2026-10-01.md,103,P1,hot replace 会由 manager 和 config service 多次写 runtime state。,WP05,只由RuntimeManager写运行状态,,source-occurrence-not-unique-bug,planned,
F104,audits/dsh-notifier-dev-full-audit-2026-10-01.md,104,P2,replaceAll 对所有 live type update，即使 config 对象没变。,WP05,未变配置不推进epoch,,source-occurrence-not-unique-bug,planned,
F105,audits/dsh-notifier-dev-full-audit-2026-10-01.md,105,P2,accepted 也能把 health 推到 healthy。,WP05,health证据注明层级，不等同设备收到,,source-occurrence-not-unique-bug,planned,
F106,audits/dsh-notifier-dev-full-audit-2026-10-01.md,106,P2,成功证据最长保留 24h，期间没有主动探测。,WP05,连接与最近投递分开，过期变unknown,,source-occurrence-not-unique-bug,planned,
F107,audits/dsh-notifier-dev-full-audit-2026-10-01.md,107,P2,健康历史纯内存。,WP21,历史持久化有界，重启不清错也不刷绿,,source-occurrence-not-unique-bug,planned,
F108,audits/dsh-notifier-dev-full-audit-2026-10-01.md,108,P2,可解析的未来 record.time 不做钳制。,WP21,未来timestamp拒绝/标异常,,source-occurrence-not-unique-bug,planned,
F109,audits/dsh-notifier-dev-full-audit-2026-10-01.md,109,P2,测试结果不携带发送开始时的 runtime epoch。,WP05,test携带开始epoch，新代拒旧结果,,source-occurrence-not-unique-bug,planned,
F110,audits/dsh-notifier-dev-full-audit-2026-10-01.md,110,P3,健康主要按最近成功/失败时间二值裁决。,WP05,健康展示最近证据与连接，单次成功不掩盖持续断连,,source-occurrence-not-unique-bug,planned,
F111,audits/dsh-notifier-dev-full-audit-2026-10-01.md,111,P1,stateful runtime.start 同步异常被 invoke() 吞掉。,WP05,start异常显式propagate并记录,,source-occurrence-not-unique-bug,planned,
F112,audits/dsh-notifier-dev-full-audit-2026-10-01.md,112,P1,start/stop/dispose 若返回 Promise，不 await 也不消费 rejection。,WP05,start/stop/dispose统一await,,source-occurrence-not-unique-bug,planned,
F113,audits/dsh-notifier-dev-full-audit-2026-10-01.md,113,P2,注释写 retire 后旧 resolved 可得到全新 epoch；代码 WeakSet 实际永久拒绝旧 resolved。,WP23,注释按实际契约更新，不靠注释扩接口,,source-occurrence-not-unique-bug,planned,
F114,audits/dsh-notifier-dev-full-audit-2026-10-01.md,114,P2,PROVIDER_PROFILES 只冻结顶层，多数 profile/resources 仍可修改。,WP19,元数据只读深层隔离，不冻结live资源,,source-occurrence-not-unique-bug,planned,
F115,audits/dsh-notifier-dev-full-audit-2026-10-01.md,115,P3,interaction 同时存在 profile 字段和 `INTERACTIVE_PROVIDERS` 数组。,WP19,能力来源合并为registry，不多数组维护,,source-occurrence-not-unique-bug,planned,
F116,audits/dsh-notifier-dev-full-audit-2026-10-01.md,116,P2,所有 `_` 前缀公开字段都会从投影删除。,WP19,投影按schema而非下划线猜private,,source-occurrence-not-unique-bug,planned,
F117,audits/dsh-notifier-dev-full-audit-2026-10-01.md,117,P2,不可 JSON 序列化时 fallback 会丢函数/symbol/环，BigInt 转字符串。,WP19,不合法投影明确错误，不静默类型变形,,source-occurrence-not-unique-bug,planned,
F118,audits/dsh-notifier-dev-full-audit-2026-10-01.md,118,P3,每次观察都深序列化+深冻结公开 config。,WP19,投影按revision缓存，测性能不每读深freeze,,source-occurrence-not-unique-bug,planned,
F119,audits/dsh-notifier-dev-full-audit-2026-10-01.md,119,P2,重复 type 直接 Map last-wins，无告警。,WP02,重复type拒绝，不静默last-wins,,source-occurrence-not-unique-bug,planned,
F120,audits/dsh-notifier-dev-full-audit-2026-10-01.md,120,P1,核心 store 大量使用同步 fs API。,WP01,异步fs降低主线程阻塞,,source-occurrence-not-unique-bug,planned,
F121,audits/dsh-notifier-dev-full-audit-2026-10-01.md,121,P1,锁竞争用 Atomics.wait 同步睡眠。,WP01,异步锁退避替代Atomics.wait,,source-occurrence-not-unique-bug,planned,
F122,audits/dsh-notifier-dev-full-audit-2026-10-01.md,122,P1,单键事务也会序列化并重写整个 state.json。,WP01,无变更不写，有界队列和整文件性能预算,,source-occurrence-not-unique-bug,planned,
F123,audits/dsh-notifier-dev-full-audit-2026-10-01.md,123,P1,临时文件写后 rename，没有 fsync 文件/目录。,WP01,file sync/dir sync和indeterminate语义明确,,source-occurrence-not-unique-bug,planned,
F124,audits/dsh-notifier-dev-full-audit-2026-10-01.md,124,P1,get 直接返回 state[key] 对象引用。,WP01,read返回detached对象,,source-occurrence-not-unique-bug,planned,
F125,audits/dsh-notifier-dev-full-audit-2026-10-01.md,125,P1,Cloudflare raw() 取得 live store 对象后直接原地修改 record。,WP01,CF写也必须fresh transaction,,source-occurrence-not-unique-bug,planned,
F126,audits/dsh-notifier-dev-full-audit-2026-10-01.md,126,P3,size() 不 refreshIfChanged。,WP01,诊断size来自fresh read,,source-occurrence-not-unique-bug,planned,
F127,audits/dsh-notifier-dev-full-audit-2026-10-01.md,127,P2,delete() 返回调用前 existed，不表达事务是否成功。,WP01,delete返回提交receipt，不用existed冒充成功,,source-occurrence-not-unique-bug,planned,
F128,audits/dsh-notifier-dev-full-audit-2026-10-01.md,128,P2,事务失败和成功但 0 项清理都返回 0。,WP01,sweep区分失败和删除0项,,source-occurrence-not-unique-bug,planned,
F129,audits/dsh-notifier-dev-full-audit-2026-10-01.md,129,P2,跨进程刷新主要依赖 mtimeMs 变化。,WP01,事务每次读fresh disk，不靠mtime,,source-occurrence-not-unique-bug,planned,
F130,audits/dsh-notifier-dev-full-audit-2026-10-01.md,130,P1,state 文件被外部删除时，下次事务会以内存快照作为 base 重建。,WP01,外部删除返回STATE_MISSING，不复活,,source-occurrence-not-unique-bug,planned,
F131,audits/dsh-notifier-dev-full-audit-2026-10-01.md,131,P1,binding、cursor、credential、pending、dedup 等大量域共用一个文件。,WP01,单文件共享故障如实标注，信任状态阻止误用,,source-occurrence-not-unique-bug,planned,
F132,audits/dsh-notifier-dev-full-audit-2026-10-01.md,132,P1,0600 chmod 失败只 best-effort。,WP01,权限失败可见，Windows单独权限策略,,source-occurrence-not-unique-bug,planned,
F133,audits/dsh-notifier-dev-full-audit-2026-10-01.md,133,P2,损坏 state 超过 8MB 时不做 forensic copy。,WP01,大文件forensic使用受限流式备份，不整读爆内存,,source-occurrence-not-unique-bug,planned,
F134,audits/dsh-notifier-dev-full-audit-2026-10-01.md,134,P1,启动读失败对读侧表现为空对象，对写侧 fail-closed。,WP01,读错误不变空配置，UI显示unavailable,,source-occurrence-not-unique-bug,planned,
F135,audits/dsh-notifier-dev-full-audit-2026-10-01.md,135,P1,JSON clone 失败仅回退浅拷贝。,WP01,clone失败拒绝，不浅拷贝,,source-occurrence-not-unique-bug,planned,
F136,audits/dsh-notifier-dev-full-audit-2026-10-01.md,136,P2,同 label backup 已存在就直接复用。,WP02,备份唯一命名和内容摘要,,source-occurrence-not-unique-bug,planned,
F137,audits/dsh-notifier-dev-full-audit-2026-10-01.md,137,P2,没有全局 state 文件大小上限。,WP01,state大小和domain配额，超限恢复不清空,,source-occurrence-not-unique-bug,planned,
F138,audits/dsh-notifier-dev-full-audit-2026-10-01.md,138,P2,陈锁只按 PID 探活；PID 被复用给无关进程时会被视为仍持锁。,WP01,不抢未知活锁，离线恢复步骤处理PID复用,,source-occurrence-not-unique-bug,planned,
F139,audits/dsh-notifier-dev-full-audit-2026-10-01.md,139,P2,顶层只验证 JSON 是 object，没有全局 per-key schema。,WP01,每域schema验证和版本迁移,,source-occurrence-not-unique-bug,planned,
F140,audits/dsh-notifier-dev-full-audit-2026-10-01.md,140,P2,损坏恢复会以内存 state 作为新 base。,WP01,损坏不以内存旧快照自动重建,,source-occurrence-not-unique-bug,planned,
F141,audits/dsh-notifier-dev-full-audit-2026-10-01.md,141,P1,每个 Telegram update 都持久化 offset，而 store 是同步整文件重写。,WP08,offset提交合并在合法确认边界，异步写不阻poll事件循环,,source-occurrence-not-unique-bug,planned,
F142,audits/dsh-notifier-dev-full-audit-2026-10-01.md,142,P2,文档仍写 pairing mint/revoke deferred/有丢码窗口；当前代码已改为 fresh transaction。,WP23,pairing已修项文档纠正，不重复报bug,,source-occurrence-not-unique-bug,planned,
F143,audits/dsh-notifier-dev-full-audit-2026-10-01.md,143,P2,没有 store.transact 的兼容 store 会退化为多次单键写。,WP01,关键写不支持无事务store兼容降级,,source-occurrence-not-unique-bug,planned,
F144,audits/dsh-notifier-dev-full-audit-2026-10-01.md,144,P3,部分纯业务拒绝仍经过完整 transact。,WP01,业务拒绝/no-op不重写文件,,source-occurrence-not-unique-bug,planned,
F145,audits/dsh-notifier-dev-full-audit-2026-10-01.md,145,P1,缺 eventId 时合成 ID 不含 accountId/sessionId。,WP02,event ID含account与namespace，缺ID用随机或稳定来源指纹,,source-occurrence-not-unique-bug,planned,
F146,audits/dsh-notifier-dev-full-audit-2026-10-01.md,146,P2,合成 ID 用冒号直接拼字段，无转义。,WP02,禁止冒号tuple碰撞,,source-occurrence-not-unique-bug,planned,
F147,audits/dsh-notifier-dev-full-audit-2026-10-01.md,147,P1,identity 为 null 时直接 paired=true。,WP03,identity缺失拒绝，不能paired=true,,source-occurrence-not-unique-bug,planned,
F148,audits/dsh-notifier-dev-full-audit-2026-10-01.md,148,P2,paired 检查只比较 channel+userId，不比较 accountId。,WP03,paired按完整Principal,,source-occurrence-not-unique-bug,planned,
F149,audits/dsh-notifier-dev-full-audit-2026-10-01.md,149,P1,pending 缺 createdAt/expiresAt 时合成新的有效窗口。,WP04,缺TTL/createdAt不合成新授权窗口,,source-occurrence-not-unique-bug,planned,
F150,audits/dsh-notifier-dev-full-audit-2026-10-01.md,150,P2,policyVersion 缺失时默认 `'1'`。,WP04,缺policyVersion按无效旧记录拒绝,,source-occurrence-not-unique-bug,planned,
F151,audits/dsh-notifier-dev-full-audit-2026-10-01.md,151,P1,session overlay 畸形时回退静态 base policy。,WP03,损坏overlay拒绝，不退更宽base,,source-occurrence-not-unique-bug,planned,
F152,audits/dsh-notifier-dev-full-audit-2026-10-01.md,152,P1,两个不同 resolver 同时注入时静默禁用动态 resolver。,WP03,重复resolver装配报错，不能静默禁用,,source-occurrence-not-unique-bug,planned,
F153,audits/dsh-notifier-dev-full-audit-2026-10-01.md,153,P1,非 QQ 的未知/缺失 chatType 一律返回 private。,WP07,未知chatType不是private,,source-occurrence-not-unique-bug,planned,
F154,audits/dsh-notifier-dev-full-audit-2026-10-01.md,154,P1,非 QQ 未知 chatType 已被 chatScopeOf 判 private，后续 oc_/group_/grp_ hint 无机会生效。,WP07,不要用ID启发式替代单聊证明,,source-occurrence-not-unique-bug,planned,
F155,audits/dsh-notifier-dev-full-audit-2026-10-01.md,155,P2,非法/过长 owner/member 静默丢弃。,WP03,非法成员策略拒绝，不能静默变窄再生效,,source-occurrence-not-unique-bug,planned,
F156,audits/dsh-notifier-dev-full-audit-2026-10-01.md,156,P2,超过 64 个成员时静默截断。,WP03,超过成员上限返回验证错误，不截断成功,,source-occurrence-not-unique-bug,planned,
F157,audits/dsh-notifier-dev-full-audit-2026-10-01.md,157,P2,expiresAt 默认 null。,WP03,授权有效期/撤销机制显式，长期策略不等于无限token,,source-occurrence-not-unique-bug,planned,
F158,audits/dsh-notifier-dev-full-audit-2026-10-01.md,158,P2,createdAt > now 零容忍，没有时钟偏差宽限。,WP04,时间校验用可信接收时钟，有限偏差不延长授权,,source-occurrence-not-unique-bug,planned,
F159,audits/dsh-notifier-dev-full-audit-2026-10-01.md,159,P1,handled event 只在内存，重启即清空。,WP04,有副作用防重放durable claim，不能纯内存,,source-occurrence-not-unique-bug,planned,
F160,audits/dsh-notifier-dev-full-audit-2026-10-01.md,160,P2,dedup TTL 30 分钟。,WP04,TTL按业务授权窗口，过期不得重复执行旧动作,,source-occurrence-not-unique-bug,planned,
F161,audits/dsh-notifier-dev-full-audit-2026-10-01.md,161,P2,最多 4096 eventId。,WP04,防重放容量满背压，不能提前淘汰有效claim,,source-occurrence-not-unique-bug,planned,
F162,audits/dsh-notifier-dev-full-audit-2026-10-01.md,162,P2,source 缺失默认 mobile。,WP03,来源缺失unknown/reject，不伪装mobile,,source-occurrence-not-unique-bug,planned,
F163,audits/dsh-notifier-dev-full-audit-2026-10-01.md,163,P2,同进程 DSH 插件属于可信代码边界。,WP03,记录同进程可信边界，不声称能隔离恶意插件,,source-occurrence-not-unique-bug,planned,
F164,audits/dsh-notifier-dev-full-audit-2026-10-01.md,164,P2,secret masking 为模式匹配，未知 token 格式可能漏过；extended 可显式关闭。,WP21,结构化secret字段脱敏+URL规则+兜底扫描,,source-occurrence-not-unique-bug,planned,
F165,audits/dsh-notifier-dev-full-audit-2026-10-01.md,165,P2,拿到 Admin 权限后可同时改 URL 与 allowPrivateNetwork。,WP03,管理者显式网络权限，既有pin防护保留,,source-occurrence-not-unique-bug,planned,
F166,audits/dsh-notifier-dev-full-audit-2026-10-01.md,166,P1,record 直接引用 store.get 返回对象并在事务前原地改写。,WP14,deployment record detached+fresh commit,,source-occurrence-not-unique-bug,planned,
F167,audits/dsh-notifier-dev-full-audit-2026-10-01.md,167,P1,Telegram gatewayKey 直接等于 botToken。,WP15,遵用户同token，明确泄露等价边界并减少传播面,,source-occurrence-not-unique-bug,planned,
F168,audits/dsh-notifier-dev-full-audit-2026-10-01.md,168,P1,兼容 `/bot<TOKEN>/...` 标准路径且无 header 也可访问。,WP15,新managed网关header认证，退出URL token路径,,source-occurrence-not-unique-bug,planned,
F169,audits/dsh-notifier-dev-full-audit-2026-10-01.md,169,P1,cloudflare deployment 记录再次持久化明文 botToken/gatewayKey。,WP15,本地deployment只存credentialRef/generation,,source-occurrence-not-unique-bug,planned,
F170,audits/dsh-notifier-dev-full-audit-2026-10-01.md,170,P1,link 会写 botToken/gatewayKey/apiBase/chatId，但 Telegram backup 只保存 apiBase/gatewayKey。,WP15,新bind不改token/chatId，旧缺backup不伪造恢复,,source-occurrence-not-unique-bug,planned,
F171,audits/dsh-notifier-dev-full-audit-2026-10-01.md,171,P1,inbound Telegram 同样写 botToken，backup 仍不含 botToken。,WP15,两方向transport同事务绑定/解绑,,source-occurrence-not-unique-bug,planned,
F172,audits/dsh-notifier-dev-full-audit-2026-10-01.md,172,P2,解绑明确保留 Worker/D1 资源。,WP14,解绑保留云资源但有清单和显式删除,,source-occurrence-not-unique-bug,planned,
F173,audits/dsh-notifier-dev-full-audit-2026-10-01.md,173,P2,部署中途失败也保留已创建云资源。,WP14,部分部署记录resources与可重试步骤,,source-occurrence-not-unique-bug,planned,
F174,audits/dsh-notifier-dev-full-audit-2026-10-01.md,174,P2,root/<record.name> 工作目录完成后不清理。,WP14,任务目录按owner/活动状态清理,,source-occurrence-not-unique-bug,planned,
F175,audits/dsh-notifier-dev-full-audit-2026-10-01.md,175,P1,bot token 先写 `.deploy-*/secrets.json`。,WP14,临时secret私有权限，finally与崩溃后清理,,source-occurrence-not-unique-bug,planned,
F176,audits/dsh-notifier-dev-full-audit-2026-10-01.md,176,P2,首次使用动态 `npm install wrangler@4.119.0 --no-package-lock`。,WP14,版本+lock/integrity固定工具链,,source-occurrence-not-unique-bug,planned,
F177,audits/dsh-notifier-dev-full-audit-2026-10-01.md,177,P2,Wrangler 装到插件 root/tools。,WP14,工具放可写state目录，不插件root,,source-occurrence-not-unique-bug,planned,
F178,audits/dsh-notifier-dev-full-audit-2026-10-01.md,178,P2,只尝试 npm_execpath 和若干固定相对路径。,WP14,Node/npm发现失败明确前提，可手动选可信工具,,source-occurrence-not-unique-bug,planned,
F179,audits/dsh-notifier-dev-full-audit-2026-10-01.md,179,P2,验证码解析依赖 Wrangler 英文文案。,WP14,固定CLI输出fixture分块解析和错误退路,,source-occurrence-not-unique-bug,planned,
F180,audits/dsh-notifier-dev-full-audit-2026-10-01.md,180,P2,授权 URL hostname 强制等于 dash.cloudflare.com。,WP14,域名单不无原则放宽，不支持格式明确报错,,source-occurrence-not-unique-bug,planned,
F181,audits/dsh-notifier-dev-full-audit-2026-10-01.md,181,P2,大量 CLI/网络错误折叠为统一泛化提示。,WP14,分步骤错误码与脱敏诊断,,source-occurrence-not-unique-bug,planned,
F182,audits/dsh-notifier-dev-full-audit-2026-10-01.md,182,P1,部署健康只测 `/healthz` 模板标识，不测 Telegram upstream。,WP15,healthz/getMe/业务证据分别展示,,source-occurrence-not-unique-bug,planned,
F183,audits/dsh-notifier-dev-full-audit-2026-10-01.md,183,P2,要求 latest deployment 恰好 1 version 且 100%。,WP14,readback按实际部署分配验证，不把额外版本直接当损坏,,source-occurrence-not-unique-bug,planned,
F184,audits/dsh-notifier-dev-full-audit-2026-10-01.md,184,P2,自动部署固定 `workers_dev: true`。,WP15,公网Worker需认证与固定上游，不能当开放代理,,source-occurrence-not-unique-bug,planned,
F185,audits/dsh-notifier-dev-full-audit-2026-10-01.md,185,P2,cancel 会先 settle Promise，再等待子进程实际退出/强杀。,WP14,cancel等待进程exit，不先显示完成,,source-occurrence-not-unique-bug,planned,
F186,audits/dsh-notifier-dev-full-audit-2026-10-01.md,186,P2,CI 无 Windows runner。,WP22,Windows子进程生命周期用例,,source-occurrence-not-unique-bug,planned,
F187,audits/dsh-notifier-dev-full-audit-2026-10-01.md,187,P2,Cloudflare 功能组合拥有 subprocess、network、file write、credential write。,WP14,最小env/受控模板/工具来源边界,,source-occurrence-not-unique-bug,planned,
F188,audits/dsh-notifier-dev-full-audit-2026-10-01.md,188,P1,child 只要触发 spawn 就标记 running。,WP17,spawn只starting，不等于connected,,source-occurrence-not-unique-bug,planned,
F189,audits/dsh-notifier-dev-full-audit-2026-10-01.md,189,P1,drain 超时会先完成 stopped，再调用 SIGKILL，kill 成功与否不影响返回。,WP17,无exit不能stopped，stop-incomplete,,source-occurrence-not-unique-bug,planned,
F190,audits/dsh-notifier-dev-full-audit-2026-10-01.md,190,P2,kill 异常全部吞掉。,WP17,kill异常可观察且不启动竞争实例,,source-occurrence-not-unique-bug,planned,
F191,audits/dsh-notifier-dev-full-audit-2026-10-01.md,191,P2,成功启动后 restartCount 不清零。,WP17,稳定成功后reset退避计数,,source-occurrence-not-unique-bug,planned,
F192,audits/dsh-notifier-dev-full-audit-2026-10-01.md,192,P1,默认安装补丁仍把独立 Admin Console server 设为 enabled。,WP20,Recovery新装默认关闭,,source-occurrence-not-unique-bug,planned,
F193,audits/dsh-notifier-dev-full-audit-2026-10-01.md,193,P2,dsh-im 直接复用 Harness 设置页和浏览器认证；dsh-notifier 仍保留独立 Admin server/ticket/session 体系。,WP20,日常Native，Recovery最小按需且共用authority,,source-occurrence-not-unique-bug,planned,
F194,audits/dsh-notifier-dev-full-audit-2026-10-01.md,194,P2,Admin 仍维护独立 Host/Origin allowlist、launch ticket、session cookie、Bearer 兼容等安全模型。,WP03,Recovery保留认证，管理授权集中,,source-occurrence-not-unique-bug,planned,
F195,audits/dsh-notifier-dev-full-audit-2026-10-01.md,195,P2,大量查询失败被 catch 后降级为空数组/0/unknown。,WP19,错误返回unavailable，不catch空列表,,source-occurrence-not-unique-bug,planned,
F196,audits/dsh-notifier-dev-full-audit-2026-10-01.md,196,P2,审计写失败明确不影响主流程。,WP21,安全mutation审计intent随主事务,,source-occurrence-not-unique-bug,planned,
F197,audits/dsh-notifier-dev-full-audit-2026-10-01.md,197,P2,审计轮转只有当前文件 + `.1` 一代。,WP21,有界保留策略与可导出，不假长期审计,,source-occurrence-not-unique-bug,planned,
F198,audits/dsh-notifier-dev-full-audit-2026-10-01.md,198,P2,审计文件 chmod 同样 best-effort。,WP21,审计文件权限失败可见和敏感字段缩减,,source-occurrence-not-unique-bug,planned,
F199,audits/dsh-notifier-dev-full-audit-2026-10-01.md,199,P2,保存后 reload/refresh 失败会被多处 catch 成旧快照继续展示。,WP19,保存receipt保留，刷新失败显示stale,,source-occurrence-not-unique-bug,planned,
F200,audits/dsh-notifier-dev-full-audit-2026-10-01.md,200,P2,连接失败但本地已有任意数据时整个 surface 进入 stale，而非逐域标记。,WP19,分域freshness，不整页混淆,,source-occurrence-not-unique-bug,planned,
F201,audits/dsh-notifier-dev-full-audit-2026-10-01.md,201,P2,30s fallback timer 在可见页面持续 refreshCurrent。,WP19,可见性控制poll和revision订阅,,source-occurrence-not-unique-bug,planned,
F202,audits/dsh-notifier-dev-full-audit-2026-10-01.md,202,P2,非 secret public 字段草稿进入 sessionStorage。,WP19,敏感标识草稿默认仅内存,,source-occurrence-not-unique-bug,planned,
F203,audits/dsh-notifier-dev-full-audit-2026-10-01.md,203,P2,旧 Advanced Console 首访向导用 localStorage TESTED_KEY 表示“确实收到测试通知”。,WP20,删除localStorage“设备收到”推断,,source-occurrence-not-unique-bug,planned,
F204,audits/dsh-notifier-dev-full-audit-2026-10-01.md,204,P2,旧 Console 的字段 secret 判断规则与 Native 的 exposure schema 是另一套实现。,WP19,字段exposure统一schema,,source-occurrence-not-unique-bug,planned,
F205,audits/dsh-notifier-dev-full-audit-2026-10-01.md,205,P2,Advanced Console 与 Native 都可进行渠道/成员/session 操作，虽已收敛 service，但表现层仍双栈。,WP20,移除日常双栈，操作仅一份authority,,source-occurrence-not-unique-bug,planned,
F206,audits/dsh-notifier-dev-full-audit-2026-10-01.md,206,P2,当前 handoff 明确说 Native slot 冒烟和截图交给另一 agent，当前提交没有新增该证据。,WP20,Native真实组合截图与错误态旅程,,source-occurrence-not-unique-bug,planned,
F207,audits/dsh-notifier-dev-full-audit-2026-10-01.md,207,P2,full dark/light + ~768px responsive sweep 仍不是完整真实验收闭环。,WP20,390/768/桌面主题键盘验收,,source-occurrence-not-unique-bug,planned,
F208,audits/dsh-notifier-dev-full-audit-2026-10-01.md,208,P3,"渠道 label 默认 `{en:type, zh:type}`。",WP19,友好中英文名和Logo,,source-occurrence-not-unique-bug,planned,
F209,audits/dsh-notifier-dev-full-audit-2026-10-01.md,209,P3,field label 主要沿用 key/schema 原名。,WP19,表单label/help来自metadata,,source-occurrence-not-unique-bug,planned,
F210,audits/dsh-notifier-dev-full-audit-2026-10-01.md,210,P2,英文/中文测试成功文案本质是“已发送，请检查设备”。,WP06,平台已受理与设备未知文案一致,,source-occurrence-not-unique-bug,planned,
F211,audits/dsh-notifier-dev-full-audit-2026-10-01.md,211,P3,用户文档把 Telegram 一键网关置于较高显著度。,WP23,主流接入优先，CF文档移高级入口,,source-occurrence-not-unique-bug,planned,
F212,audits/dsh-notifier-dev-full-audit-2026-10-01.md,212,P1,注释声称三平台，但 matrix 实际只有 ubuntu-latest、macos-latest。,WP22,恢复Windows核心runner，隔离toast,,source-occurrence-not-unique-bug,planned,
F213,audits/dsh-notifier-dev-full-audit-2026-10-01.md,213,P1,只测试 Node 22；engines 声明 `>=22`。,WP22,Node22/24核心加26兼容，支持声明仅据证据,,source-occurrence-not-unique-bug,planned,
F214,audits/dsh-notifier-dev-full-audit-2026-10-01.md,214,P1,没有执行 `npm run verify:release`。,WP22,verify-release进自动CI,,source-occurrence-not-unique-bug,planned,
F215,audits/dsh-notifier-dev-full-audit-2026-10-01.md,215,P1,根目录故意不 npm install optionalDependencies。,WP22,真实安装可选SDK并验证exports,,source-occurrence-not-unique-bug,planned,
F216,audits/dsh-notifier-dev-full-audit-2026-10-01.md,216,P2,DOM workspace 每次 `npm install --no-package-lock`。,WP22,DOM锁文件与可复现安装,,source-occurrence-not-unique-bug,planned,
F217,audits/dsh-notifier-dev-full-audit-2026-10-01.md,217,P2,没有 coverage 门禁。,WP22,关键路径覆盖与故障用例，不武断全仓百分比,,source-occurrence-not-unique-bug,planned,
F218,audits/dsh-notifier-dev-full-audit-2026-10-01.md,218,P1,曾出现 2000+ tests 全绿但真实 outbound-source→adapter.send 装配链必崩。,WP22,真实source→runtime→sender回归,,source-occurrence-not-unique-bug,planned,
F219,audits/dsh-notifier-dev-full-audit-2026-10-01.md,219,P2,root test runner 显式排除 `test/dom`。,WP22,根/DOM/安装测试单列结果,,source-occurrence-not-unique-bug,planned,
F220,audits/dsh-notifier-dev-full-audit-2026-10-01.md,220,P2,测试发现只认 `.test.mjs`/`.spec.mjs`。,WP22,约定扩展名并检测意外未发现测试,,source-occurrence-not-unique-bug,planned,
F221,audits/dsh-notifier-dev-full-audit-2026-10-01.md,221,P1,dev `protected:true`，但 `required_status_checks.enforcement_level=off` 且 contexts/checks 为空。,WP22,required checks变更列明确应用步骤，不能绕过保护,,source-occurrence-not-unique-bug,planned,
F222,audits/dsh-notifier-dev-full-audit-2026-10-01.md,222,P2,dev HEAD legacy commit status 为 pending/0 statuses，而 Actions check suite 另有 success。,WP22,读取Checks和status合并结果，不legacy空当失败,,source-occurrence-not-unique-bug,planned,
F223,audits/dsh-notifier-dev-full-audit-2026-10-01.md,223,P2,当前 dev HEAD commit 未签名。,WP23,未签名是治理选择，不虚构运行bug,,source-occurrence-not-unique-bug,planned,
F224,audits/dsh-notifier-dev-full-audit-2026-10-01.md,224,P2,dev 已包含大量 v0.15 Core/Cloudflare/Native 代码，但 package version 仍 0.13.1。,WP23,候选版本/commit标识一致，不提前发布,,source-occurrence-not-unique-bug,planned,
F225,audits/dsh-notifier-dev-full-audit-2026-10-01.md,225,P2,`2465` 只描述根 `npm test`，不包含 DOM workspace 额外测试。,WP22,测试数区分套件不伪造总数,,source-occurrence-not-unique-bug,planned,
F226,audits/dsh-notifier-dev-full-audit-2026-10-01.md,226,P2,release guard 只核对少数文档版本/测试计数位置。,WP23,能力文档/截图/制品事实统一,,source-occurrence-not-unique-bug,planned,
F227,audits/dsh-notifier-dev-full-audit-2026-10-01.md,227,P2,verify-release 依赖本机 `npm`、`git` 命令可用。,WP22,工具缺失明确前置错误不假门禁通过,,source-occurrence-not-unique-bug,planned,
F228,audits/dsh-notifier-dev-full-audit-2026-10-01.md,228,P2,公开 `./internal` 直接导出 src/index.mjs。,WP06,保留internal现有export并说明非稳定性，不直接删,,source-occurrence-not-unique-bug,planned,
F229,audits/dsh-notifier-dev-full-audit-2026-10-01.md,229,P2,公开 `./testing` 也成为长期 package surface。,WP06,testing是公共契约，修fake并差分验收,,source-occurrence-not-unique-bug,planned,
F230,audits/dsh-notifier-dev-full-audit-2026-10-01.md,230,P2,npm 包包含 AGENTS.md、developer memory、archive changelog、behavior-contract、state-writer-registry 等大量内部维护材料。,WP22,npm allowlist留必需文件，排内部agents/scratch/secret,,source-occurrence-not-unique-bug,planned,
F231,audits/dsh-notifier-dev-full-audit-2026-10-01.md,231,P2,package.json 中 install/failureIsolation/hotReload/remove evidence 全为 null。,WP22,用实际lifecycle证据填元数据，不填虚假true,,source-occurrence-not-unique-bug,planned,
F232,audits/dsh-notifier-dev-full-audit-2026-10-01.md,232,P2,公网 Cloudflare + 真实 Telegram/APNs 回执无本次新增证据。,WP23,真实公网/设备缺口如实记录不阻研发,,source-occurrence-not-unique-bug,planned,
F233,audits/dsh-notifier-dev-full-audit-2026-10-01.md,233,P2,pairing 并发风险描述落后于当前代码。,WP23,纠正已修pairing风险描述,,source-occurrence-not-unique-bug,planned,
F234,audits/dsh-notifier-dev-full-audit-2026-10-01.md,234,P2,同一文件混有 0.9.x/0.10/0.11/0.12/0.13/v0.14 多时代 standing gap。,WP23,风险分当前/历史并关联SHA,,source-occurrence-not-unique-bug,planned,
F235,audits/dsh-notifier-dev-full-audit-2026-10-01.md,235,P2,README 用户面仍标 `dsh-notifier@0.13.1`，而 dev 已是 v0.15 收口线。,WP23,发布版/dev候选文案区分,,source-occurrence-not-unique-bug,planned,
F236,audits/dsh-notifier-dev-full-audit-2026-10-01.md,236,P2,项目强调零强制运行时依赖，但飞书 SDK、qrcode-terminal、动态 Wrangler、可选 cloudflared 都构成条件依赖。,WP23,核心零强依赖与可选工具分别说明,,source-occurrence-not-unique-bug,planned,
F237,audits/dsh-notifier-dev-full-audit-2026-10-01.md,237,P2,dsh-im 使用 settings + slots + Harness 浏览器认证；notifier 仍额外维护 sidebar Native 与 Advanced Console。,WP19,公开Host设置slot优先，不依赖私有DOM,,source-occurrence-not-unique-bug,planned,
F238,audits/dsh-notifier-dev-full-audit-2026-10-01.md,238,P2,dsh-im 明确支持同一渠道多机器人独立凭据/状态/workspace/model/preset；notifier 的 outbound source 核心按 type 单例 Map。,WP02,底层account-aware，本轮单账号UI边界明确,,source-occurrence-not-unique-bug,planned,
F239,audits/dsh-notifier-dev-full-audit-2026-10-01.md,239,P2,dsh-im 对每机器人暴露连接检查/重试/移除和诊断详情；notifier 大量出站渠道主要是“配置+测试+近时健康证据”。,WP05,各类transport状态准确，不强造在线概念,,source-occurrence-not-unique-bug,planned,
F240,audits/dsh-notifier-dev-full-audit-2026-10-01.md,240,P2,dsh-im 明确把 Host/UI/机器人回复语言串成同一动态来源；notifier 仍存在硬编码中文回执。,WP19,统一Host/UI/消息语言,,source-occurrence-not-unique-bug,planned,
F241,audits/dsh-notifier-dev-full-audit-2026-10-01.md,241,P2,dsh-im 提供 verify-injected-context / verify-lan-management 等对真实 DSH 构建产物的专项脚本；notifier 当前主 CI 主要是 hermetic contract + DOM。,WP22,真实可安装Host组合旅程,,source-occurrence-not-unique-bug,planned,
F242,audits/dsh-notifier-dev-full-audit-2026-10-01.md,242,P2,出站渠道 28 个，但可真正远程控制的入站通道只有 6 个。,WP23,通知与控制能力分栏，数量重新生成,,source-occurrence-not-unique-bug,planned,
F243,audits/dsh-notifier-dev-full-audit-2026-10-01.md,243,P2,Telegram/Feishu/QQ 有按钮，其他多数通道只能文本/编号/无入站。,WP04,能力差异有一致文字兜底，不假全平台按钮,,source-occurrence-not-unique-bug,planned,
F244,audits/dsh-notifier-dev-full-audit-2026-10-01.md,244,P2,渠道、inbound、identity、pairing、session、routing、Cloudflare、Advanced Console 都是独立概念。,WP20,按用户任务组织主流程,,source-occurrence-not-unique-bug,planned,
F245,audits/dsh-notifier-dev-full-audit-2026-10-01.md,245,P2,Advanced Console 已定位 Recovery，但默认补丁仍 enabled。,WP20,Recovery默认行为与定位一致,,source-occurrence-not-unique-bug,planned,
F246,audits/dsh-notifier-dev-full-audit-2026-10-01.md,246,P2,很多异常路径选择“不中断宿主 + warn/降级”。,WP21,降级有diagnostics，不只warn静默,,source-occurrence-not-unique-bug,planned,
F247,audits/dsh-notifier-dev-full-audit-2026-10-01.md,247,P2,多处能力来自官方文档/SDK/mock，而项目风险文档仍保留真机缺口。,WP23,矩阵附证据维度，未验证不写已验证,,source-occurrence-not-unique-bug,planned,
F248,audits/dsh-notifier-dev-full-audit-2026-10-01.md,248,P2,desired/runtime/health/accepted/confirmed/restartPending/diverged 多层状态并存。,WP05,固定状态维度与单写者,,source-occurrence-not-unique-bug,planned,
F249,audits/dsh-notifier-dev-full-audit-2026-10-01.md,249,P2,大量独立功能最终汇聚到同一 store 与同一宿主进程。,WP01,共享故障半径用trust/预算控制，不虚称域级数据库隔离,,source-occurrence-not-unique-bug,planned,
F250,audits/dsh-notifier-dev-full-audit-2026-10-01.md,250,P2,为了零依赖，QQ/Telegram/DingTalk 等大量协议、重连、限流、安全逻辑自行实现。,WP23,协议维护成本说明，不为零依赖自造新SDK,,source-occurrence-not-unique-bug,planned,
F251,audits/dsh-notifier-dev-full-audit-2026-10-01.md,251,P2,仓库自己的 risks 多次明确“mock 不证明 callback shape/limits/reconnect/SDK lifecycle”。,WP22,contract/真实安装/Host/设备证据分层,,source-occurrence-not-unique-bug,planned,
S001,audits/dsh-notifier-dev-second-round-full-audit.md,1,,Cloudflare Bark“绑定渠道”路径存在确定性断路,WP16,只用真实schema字段；D1幂等迁移；部署到正式sender穿透；未绑定/设备未知准确呈现,,source-occurrence-not-unique-bug,planned,
S002,audits/dsh-notifier-dev-second-round-full-audit.md,2,,入站运行状态可能长期“假绿”,WP05,全provider状态归RuntimeManager；缺clientState不默认online,F021,source-occurrence-not-unique-bug,planned,
S003,audits/dsh-notifier-dev-second-round-full-audit.md,3,,dsh-im bridge 当前字段映射不完整,WP18,v1/channel/sendChecked；target私聊证明；timeout abort；seam检测/disposer；伪导入及CloudStore退出正式承诺,,source-occurrence-not-unique-bug,planned,
S004,audits/dsh-notifier-dev-second-round-full-audit.md,4,,dsh-im import 的“已知格式迁移”与真实上游导出契约脱节,WP18,v1/channel/sendChecked；target私聊证明；timeout abort；seam检测/disposer；伪导入及CloudStore退出正式承诺,,source-occurrence-not-unique-bug,planned,
S005,audits/dsh-notifier-dev-second-round-full-audit.md,5,,公共 API 的 `delivered` 语义仍会误导消费方,WP06,delivered保留deprecated accepted alias,F090,source-occurrence-not-unique-bug,planned,
S006,audits/dsh-notifier-dev-second-round-full-audit.md,6,,`notify` / `notify_test` 工具仍把 provider accepted 渲染成“通知已发送”,WP06,tool renderer用新evidence，accepted只说平台已受理,F090,source-occurrence-not-unique-bug,planned,
S007,audits/dsh-notifier-dev-second-round-full-audit.md,7,,`notifyAll()` 只要没有 failed，就可能返回 `ok=true`，即使一个渠道都没真正发出去,WP06,零目标summary=noop且ok=false,F087,source-occurrence-not-unique-bug,planned,
S008,audits/dsh-notifier-dev-second-round-full-audit.md,8,,`NotifierFacade.flush()` 类型与实现不一致,WP06,flush对象receipt/类型/fake一致并明确watermark,,source-occurrence-not-unique-bug,planned,
S009,audits/dsh-notifier-dev-second-round-full-audit.md,9,,dsh-notifier 仍然是 channel-first，dsh-im 已经是 bot/account-first,WP02,底层account-aware，本轮单账号UI边界明确,F238,source-occurrence-not-unique-bug,planned,
S010,audits/dsh-notifier-dev-second-round-full-audit.md,10,,出站 Telegram 单配置模型无法自然表达多个机器人,WP02,底层account-aware，本轮单账号UI边界明确,F238,source-occurrence-not-unique-bug,planned,
S011,audits/dsh-notifier-dev-second-round-full-audit.md,11,,QQ / 飞书 / 钉钉等同样存在单账号 authority 问题,WP02,底层account-aware，本轮单账号UI边界明确,F238,source-occurrence-not-unique-bug,planned,
S012,audits/dsh-notifier-dev-second-round-full-audit.md,12,,入站会话绑定仍主要使用 `bind:<channel>:<userId>`,WP02,binding加入accountId且迁移不能猜归属,F071,source-occurrence-not-unique-bug,planned,
S013,audits/dsh-notifier-dev-second-round-full-audit.md,13,,路由只能绑定 channel type，不能绑定具体 bot / target,WP06,路由解析到稳定AccountRef+TargetRef，不只channel type,F095,source-occurrence-not-unique-bug,planned,
S014,audits/dsh-notifier-dev-second-round-full-audit.md,14,,“28 渠道”主要是 outbound transport 数，不等于 28 个都能远程控制,WP23,通知与控制能力分栏，数量重新生成,F242,source-occurrence-not-unique-bug,planned,
S015,audits/dsh-notifier-dev-second-round-full-audit.md,15,,28 个渠道在 Native UI 被放在同一级，没有主流/高级/本地/兜底分层,WP19,主流/其它IM/通知/本地分层并按实际能力排序,F208,source-occurrence-not-unique-bug,planned,
S016,audits/dsh-notifier-dev-second-round-full-audit.md,16,,“主流 IM 优先 + 官方 Logo”当前 dev 没真正落地,WP19,友好中英文名和Logo,F208,source-occurrence-not-unique-bug,planned,
S017,audits/dsh-notifier-dev-second-round-full-audit.md,17,,Channel label 直接使用内部 type,WP19,友好中英文名和Logo,F208,source-occurrence-not-unique-bug,planned,
S018,audits/dsh-notifier-dev-second-round-full-audit.md,18,,字段 label 直接显示内部字段名,WP19,表单label/help来自metadata,F209,source-occurrence-not-unique-bug,planned,
S019,audits/dsh-notifier-dev-second-round-full-audit.md,19,,dsh-im 已经是“机器人卡片”，dsh-notifier 仍是“渠道配置项”,WP02,底层account-aware，本轮单账号UI边界明确,F238,source-occurrence-not-unique-bug,planned,
S020,audits/dsh-notifier-dev-second-round-full-audit.md,20,,没有 per-bot workspace,WP02,不新增per-bot workspace；沿用显式任务绑定，说明范围,F238,source-occurrence-not-unique-bug,planned,
S021,audits/dsh-notifier-dev-second-round-full-audit.md,21,,没有 per-bot model,WP02,不新增per-bot model；沿用Host选择，不伪造能力,F238,source-occurrence-not-unique-bug,planned,
S022,audits/dsh-notifier-dev-second-round-full-audit.md,22,,没有 per-bot Agent Preset,WP02,不新增per-bot Preset；属于范围决定而非运行bug,F238,source-occurrence-not-unique-bug,planned,
S023,audits/dsh-notifier-dev-second-round-full-audit.md,23,,缺乏“聊天窗口就是 Harness 客户端”的完整体验,WP23,不扩成完整聊天客户端，现有远控闭环必须完成,F242,source-occurrence-not-unique-bug,planned,
S024,audits/dsh-notifier-dev-second-round-full-audit.md,24,,README 的“直接继续对话”容易让用户高估回传完整度,WP23,摘要长度/截断提示如实说明，不宣称完整对话回传,F235,source-occurrence-not-unique-bug,planned,
S025,audits/dsh-notifier-dev-second-round-full-audit.md,25,,dsh-im 有完整流式/编辑式回复，notifier 没有统一 renderer 层,WP04,统一文字/卡片兜底，不以全流式为本轮门槛,F243,source-occurrence-not-unique-bug,planned,
S026,audits/dsh-notifier-dev-second-round-full-audit.md,26,,dsh-im 有结果文件回传，notifier 的文件能力主要集中在 inbound,WP23,结果文件回传不新增普适承诺，现有附件输入修完整,F243,source-occurrence-not-unique-bug,planned,
S027,audits/dsh-notifier-dev-second-round-full-audit.md,27,,dsh-im 图片输入覆盖面远大于当前 notifier evidence matrix,WP08,支持矩阵如实列现有图片输入，本轮TG补图片/文件,F243,source-occurrence-not-unique-bug,planned,
S028,audits/dsh-notifier-dev-second-round-full-audit.md,28,,没有统一的附件产品设置面,WP20,附件限制和失败策略进Native设置/说明,F079,source-occurrence-not-unique-bug,planned,
S029,audits/dsh-notifier-dev-second-round-full-audit.md,29,,缺乏渠道原生菜单式控制,WP12,先完善明确命令和帮助，不做每平台新菜单系统,F243,source-occurrence-not-unique-bug,planned,
S030,audits/dsh-notifier-dev-second-round-full-audit.md,30,,QQ 按钮能力仍带真实设备证据缺口,WP09,保留#26设备证据缺口，修协议并强制文字兜底,F020,source-occurrence-not-unique-bug,planned,
S031,audits/dsh-notifier-dev-second-round-full-audit.md,31,,“一键开启 Telegram 网关”首次使用会动态 npm install Wrangler,WP14,版本+lock/integrity固定工具链,F176,source-occurrence-not-unique-bug,planned,
S032,audits/dsh-notifier-dev-second-round-full-audit.md,32,,Wrangler 安装是运行时供应链入口,WP14,版本+lock/integrity固定工具链,F176,source-occurrence-not-unique-bug,planned,
S033,audits/dsh-notifier-dev-second-round-full-audit.md,33,,Cloudflare deploy 是长时间后台 job，页面关闭后仍可能继续,WP14,持久job关闭页面可恢复查询，不只进程Promise,F173,source-occurrence-not-unique-bug,planned,
S034,audits/dsh-notifier-dev-second-round-full-audit.md,34,,cancel 明确不是事务 rollback,WP14,cancel只停止后续步骤，残留资源列表与显式清理,F173,source-occurrence-not-unique-bug,planned,
S035,audits/dsh-notifier-dev-second-round-full-audit.md,35,,Cloudflare account ownership 会让旧账号 claim 阻塞切换账号,WP14,旧CF账号资源独立记录，新账号新job，不偷claim,F173,source-occurrence-not-unique-bug,planned,
S036,audits/dsh-notifier-dev-second-round-full-audit.md,36,,`unbind()` 只解绑本地配置，不删除云资源,WP14,解绑保留云资源但有清单和显式删除,F172,source-occurrence-not-unique-bug,planned,
S037,audits/dsh-notifier-dev-second-round-full-audit.md,37,,Cloudflare health=ready 不是业务端到端 ready,WP15,healthz/getMe/业务证据分别展示,F182,source-occurrence-not-unique-bug,planned,
S038,audits/dsh-notifier-dev-second-round-full-audit.md,38,,Remote Entry 本质只是 URL validator，不是真远程暴露能力,WP17,地址配置与Tunnel分开命名，不伪称已公网暴露,,source-occurrence-not-unique-bug,planned,
S039,audits/dsh-notifier-dev-second-round-full-audit.md,39,,Tunnel / Worker gateway / Remote URL 是三套不同机制,WP19,按TG连接/Bark自托管/远程访问分入口,,source-occurrence-not-unique-bug,planned,
S040,audits/dsh-notifier-dev-second-round-full-audit.md,40,,Tunnel advanced entry 仍要求用户自备 cloudflared binary + credentials file,WP17,Tunnel保留高级凭据前提，不把Workers OAuth当Tunnel凭据,,source-occurrence-not-unique-bug,planned,
S041,audits/dsh-notifier-dev-second-round-full-audit.md,41,,`client.js` 已超过 15 万字符、3000 行,WP19,按RPC/controller/pages/components/styles拆client.js,F208,source-occurrence-not-unique-bug,planned,
S042,audits/dsh-notifier-dev-second-round-full-audit.md,42,,`src/index.mjs` 仍超过 1100 行,WP20,index只保留assembly，领域逻辑回服务,,source-occurrence-not-unique-bug,planned,
S043,audits/dsh-notifier-dev-second-round-full-audit.md,43,,`admin/api.mjs` 约 1360 行,WP20,admin只做adapter与恢复，不重复业务规则,,source-occurrence-not-unique-bug,planned,
S044,audits/dsh-notifier-dev-second-round-full-audit.md,44,,`admin/ui/client.mjs` 约 1831 行,WP20,删日常双栈而非仅拆大文件,,source-occurrence-not-unique-bug,planned,
S045,audits/dsh-notifier-dev-second-round-full-audit.md,45,,Home 的“健康”仍是 notify-centric,WP20,control-only首页不报未配置通知,F244,source-occurrence-not-unique-bug,planned,
S046,audits/dsh-notifier-dev-second-round-full-audit.md,46,,Home attention 只找第一个 inactive/degraded channel,WP20,全部异常计数和可展开列表，不只第一项,F244,source-occurrence-not-unique-bug,planned,
S047,audits/dsh-notifier-dev-second-round-full-audit.md,47,,Activity 是纯内存，重启即消失,WP21,历史持久化有界，重启不清错也不刷绿,F107,source-occurrence-not-unique-bug,planned,
S048,audits/dsh-notifier-dev-second-round-full-audit.md,48,,Activity / Ledger / Admin Audit / Health / EventHub 是重复但不一致的事件历史,WP21,统一correlation与结果，区分审计/投递/health保留语义,F196,source-occurrence-not-unique-bug,planned,
S049,audits/dsh-notifier-dev-second-round-full-audit.md,49,,Health evidence 是进程内 Map，重启后健康证据归零,WP21,历史持久化有界，重启不清错也不刷绿,F107,source-occurrence-not-unique-bug,planned,
S050,audits/dsh-notifier-dev-second-round-full-audit.md,50,,Diagnostics 的 `storage.writable` 是状态推断，不是真写测试,WP21,probe或最近提交时间作为证据，不由ready推断writable,F134,source-occurrence-not-unique-bug,planned,
S051,audits/dsh-notifier-dev-second-round-full-audit.md,51,,Native channel projection 仍依赖 Admin API 读取 inbound rows,WP19,Native直接读canonical投影，不依赖Admin API,F195,source-occurrence-not-unique-bug,planned,
S052,audits/dsh-notifier-dev-second-round-full-audit.md,52,,`adminApi.getChannels()` 异常会被直接降级为空数组,WP19,错误返回unavailable，不catch空列表,F195,source-occurrence-not-unique-bug,planned,
S053,audits/dsh-notifier-dev-second-round-full-audit.md,53,,SetupFlow candidate 过滤是 `notify.editable !== false`,WP19,正向检查notify/control/editability，不以非false推可用,F208,source-occurrence-not-unique-bug,planned,
S054,audits/dsh-notifier-dev-second-round-full-audit.md,54,,向导字段顺序完全由 object insertion order 决定,WP19,presentation schema显式order,F209,source-occurrence-not-unique-bug,planned,
S055,audits/dsh-notifier-dev-second-round-full-audit.md,55,,缺乏正式 conditional field schema,WP19,presentation schema显式visibleWhen且后端也校验,F209,source-occurrence-not-unique-bug,planned,
S056,audits/dsh-notifier-dev-second-round-full-audit.md,56,,Bark `key / barkUrl / server` 的模型不统一,WP16,只用真实schema字段；D1幂等迁移；部署到正式sender穿透；未绑定/设备未知准确呈现,,source-occurrence-not-unique-bug,planned,
S057,audits/dsh-notifier-dev-second-round-full-audit.md,57,,`apiBase / timeoutMs` 被作为通用 engine 字段允许，但 UI/adapter 未必都真正理解,WP19,每adapter声明支持的engine字段，无实现不可写,F096,source-occurrence-not-unique-bug,planned,
S058,audits/dsh-notifier-dev-second-round-full-audit.md,58,,Native UI 仍是独立 sidebar/main panel，不是 dsh-im 的一级 Settings 产品位,WP19,公开Host设置slot优先，不依赖私有DOM,F237,source-occurrence-not-unique-bug,planned,
S059,audits/dsh-notifier-dev-second-round-full-audit.md,59,,Store 跨进程锁使用同步 `Atomics.wait()` 阻塞主线程,WP01,异步锁退避替代Atomics.wait,F121,source-occurrence-not-unique-bug,planned,
S060,audits/dsh-notifier-dev-second-round-full-audit.md,60,,Store 仍是整 JSON state 文件事务,WP01,无变更不写，有界队列和整文件性能预算,F122,source-occurrence-not-unique-bug,planned,
S061,audits/dsh-notifier-dev-second-round-full-audit.md,61,,所有状态域共享同一个 state.json 故障半径,WP01,单文件共享故障如实标注，信任状态阻止误用,F131,source-occurrence-not-unique-bug,planned,
S062,audits/dsh-notifier-dev-second-round-full-audit.md,62,,启动损坏时读侧 fail-open 到 `{}`，要求每个业务层都正确检查 storage trust,WP01,读错误不变空配置，UI显示unavailable,F134,source-occurrence-not-unique-bug,planned,
S063,audits/dsh-notifier-dev-second-round-full-audit.md,63,,Ledger 写失败完全静默,WP21,记录写失败可观察，关键interaction不继续副作用,F196,source-occurrence-not-unique-bug,planned,
S064,audits/dsh-notifier-dev-second-round-full-audit.md,64,,Admin audit 写失败不影响 mutation，因此不是强一致审计,WP21,安全mutation审计intent随主事务,F196,source-occurrence-not-unique-bug,planned,
S065,audits/dsh-notifier-dev-second-round-full-audit.md,65,,大量关键状态仍是 process-local,WP05,各process-local状态分类：claim持久化，缓存epoch与容量/恢复,F159,source-occurrence-not-unique-bug,planned,
S066,audits/dsh-notifier-dev-second-round-full-audit.md,66,,callback refs 重启全部失效,WP04,持久ref带来源TTL，重启仍验证当前权限,F027,source-occurrence-not-unique-bug,planned,
S067,audits/dsh-notifier-dev-second-round-full-audit.md,67,,turn/end 摘录依赖 process-local assistant cache,WP12,优先Host可用结果读取；缓存缺失显示摘要不可用不编造,F065,source-occurrence-not-unique-bug,planned,
S068,audits/dsh-notifier-dev-second-round-full-audit.md,68,,CI 明确不跑 Windows,WP22,恢复Windows核心runner，隔离toast,F212,source-occurrence-not-unique-bug,planned,
S069,audits/dsh-notifier-dev-second-round-full-audit.md,69,,因 desktop toast 移除整个 Windows runner，牺牲了整个 Windows 测试面,WP22,恢复Windows核心runner，隔离toast,F212,source-occurrence-not-unique-bug,planned,
S070,audits/dsh-notifier-dev-second-round-full-audit.md,70,,Cloudflare release test 没覆盖 Bark link,WP16,只用真实schema字段；D1幂等迁移；部署到正式sender穿透；未绑定/设备未知准确呈现,,source-occurrence-not-unique-bug,planned,
S071,audits/dsh-notifier-dev-second-round-full-audit.md,71,,大量“done”是 fixture/contract done，不是 product done,WP23,事实/版本/能力一致；问题账本结案证据；截图；候选SHA；main/tag/npm保留发布决定，不自动发版,,source-occurrence-not-unique-bug,planned,
S072,audits/dsh-notifier-dev-second-round-full-audit.md,72,,HANDOFF 与现在真实 dsh-im 上游已经发生事实漂移,WP23,风险分当前/历史并关联SHA,F234,source-occurrence-not-unique-bug,planned,
S073,audits/dsh-notifier-dev-second-round-full-audit.md,73,,host compatibility 验证集中在 0.1.7 alpha/rc 小范围,WP18,v1/channel/sendChecked；target私聊证明；timeout abort；seam检测/disposer；伪导入及CloudStore退出正式承诺,,source-occurrence-not-unique-bug,planned,
S074,audits/dsh-notifier-dev-second-round-full-audit.md,74,,Native integration 已经发生过真实宿主 seam 不可用，只能走 guarded fallback,WP18,v1/channel/sendChecked；target私聊证明；timeout abort；seam检测/disposer；伪导入及CloudStore退出正式承诺,,source-occurrence-not-unique-bug,planned,
S075,audits/dsh-notifier-dev-second-round-full-audit.md,75,,package 的 `dshWorkshop.evidence` 仍有多项 null,WP22,用实际lifecycle证据填元数据，不填虚假true,F231,source-occurrence-not-unique-bug,planned,
S076,audits/dsh-notifier-dev-second-round-full-audit.md,76,,`allowPrivateNetwork` webhook 是一个显式 SSRF capability,WP03,管理者显式网络权限，既有pin防护保留,F165,source-occurrence-not-unique-bug,planned,
S077,audits/dsh-notifier-dev-second-round-full-audit.md,77,,Cloudflare runner 子进程继承整个 `process.env`,WP14,最小env/受控模板/工具来源边界,F187,source-occurrence-not-unique-bug,planned,
S078,audits/dsh-notifier-dev-second-round-full-audit.md,78,,Runtime npm install 同样继承完整环境,WP14,最小env/受控模板/工具来源边界,F187,source-occurrence-not-unique-bug,planned,
S079,audits/dsh-notifier-dev-second-round-full-audit.md,79,,state.json 仍然是 plaintext secret store,WP01,集中credential authority与文件权限；不假称同文件钥匙加密安全,F169,source-occurrence-not-unique-bug,planned,
S080,audits/dsh-notifier-dev-second-round-full-audit.md,80,,Windows 上 chmod 0600 并不等价 Unix ACL,WP01,权限失败可见，Windows单独权限策略,F132,source-occurrence-not-unique-bug,planned,
S081,audits/dsh-notifier-dev-second-round-full-audit.md,81,,`/log` 依赖 token-like regex redaction，不是语义级脱敏,WP21,结构化secret字段脱敏+URL规则+兜底扫描,F164,source-occurrence-not-unique-bug,planned,
S082,audits/dsh-notifier-dev-second-round-full-audit.md,82,,dsh-im bridge 是新的 trust expansion,WP18,管理权限+target私聊证明+sendChecked，不能服务存在即授权,,source-occurrence-not-unique-bug,planned,
S083,audits/dsh-notifier-dev-second-round-full-audit.md,83,,dsh-im 当前已到 4.34.0，发布循环很快,WP23,竞品发布频率是背景，不列代码修复,,source-occurrence-not-unique-bug,planned,
S084,audits/dsh-notifier-dev-second-round-full-audit.md,84,,审查时 GitHub 社区规模差距明显,WP23,stars/forks是背景，不列缺陷,,source-occurrence-not-unique-bug,planned,
S085,audits/dsh-notifier-dev-second-round-full-audit.md,85,,dsh-im 已经把“IM 是 DSH 第二客户端”的定位做得很清楚,WP23,明确通知+私聊远控定位，不追完整客户端,,source-occurrence-not-unique-bug,planned,
S086,audits/dsh-notifier-dev-second-round-full-audit.md,86,,notifier 的“28 渠道”数量优势会被主流 IM 的能力深度稀释,WP23,能力深度与数量分开宣传,,source-occurrence-not-unique-bug,planned,
S087,audits/dsh-notifier-dev-second-round-full-audit.md,87,,notifier 真正差异化的“通知路由/多推送 provider”当前 UI 没突出出来,WP20,按用户任务组织主流程,F244,source-occurrence-not-unique-bug,planned,
S088,audits/dsh-notifier-dev-second-round-full-audit.md,88,,escalation 是技术能力，但没形成用户可理解的产品能力,WP20,按用户任务组织主流程,F244,source-occurrence-not-unique-bug,planned,
S089,audits/dsh-notifier-dev-second-round-full-audit.md,89,,level routing 也是隐藏能力,WP20,按用户任务组织主流程,F244,source-occurrence-not-unique-bug,planned,
S090,audits/dsh-notifier-dev-second-round-full-audit.md,90,,Public notifier service 是生态能力，但 discoverability 很低,WP23,提供public API最小消费示例和错误语义，提升可发现性,F229,source-occurrence-not-unique-bug,planned,
S091,audits/dsh-notifier-dev-second-round-full-audit.md,91,,README 过度简化后，关键能力边界消失,WP23,通知与控制能力分栏，数量重新生成,F242,source-occurrence-not-unique-bug,planned,
S092,audits/dsh-notifier-dev-second-round-full-audit.md,92,,“回复、回答提问或处理审批”容易让用户误解为主流渠道普遍同深度支持,WP23,通知与控制能力分栏，数量重新生成,F242,source-occurrence-not-unique-bug,planned,
S093,audits/dsh-notifier-dev-second-round-full-audit.md,93,,Telegram“一键网关”文案比真实依赖链更丝滑,WP23,主流接入优先，CF文档移高级入口,F211,source-occurrence-not-unique-bug,planned,
S094,audits/dsh-notifier-dev-second-round-full-audit.md,94,,当前 README 没展示新版 Native UI 截图,WP20,Native真实组合截图与错误态旅程,F206,source-occurrence-not-unique-bug,planned,
S095,audits/dsh-notifier-dev-second-round-full-audit.md,95,,README 对 UI 改造的证明力度明显弱于 dsh-im,WP20,Native真实组合截图与错误态旅程,F206,source-occurrence-not-unique-bug,planned,
S096,audits/dsh-notifier-dev-second-round-full-audit.md,96,,#45 / #46 证明“全绿测试 ≠ 真实 runtime 可用”,WP22,真实source→runtime→sender回归,F218,source-occurrence-not-unique-bug,planned,
S097,audits/dsh-notifier-dev-second-round-full-audit.md,97,,#26 仍说明 QQ keyboard 真机闭环未完成,WP09,保留#26设备证据缺口，修协议并强制文字兜底,F020,source-occurrence-not-unique-bug,planned,
S098,audits/dsh-notifier-dev-second-round-full-audit.md,98,,#25 维护公告已到期但仍 open,WP23,维护公告状态列待用户决定，不能擅自发评论或关闭issue,,source-occurrence-not-unique-bug,planned,
S099,audits/dsh-notifier-dev-second-round-full-audit.md,99,,README stable 版本与 dev 产品形态差距已经很大,WP23,发布版/dev候选文案区分,F235,source-occurrence-not-unique-bug,planned,
S100,audits/dsh-notifier-dev-second-round-full-audit.md,100,,Unreleased 实际是产品代际变化，但 CHANGELOG 只写了几条概括,WP23,CHANGELOG按迁移/兼容/产品行为写完整，不只更新版本,F224,source-occurrence-not-unique-bug,planned,
S101,audits/dsh-notifier-dev-second-round-full-audit.md,101,,`conversation.mjs` 超过 1100 行,WP12,会话内有序；明确任务选择；无占位符污染；部分附件失败先确认；Host Promise与registry重建,,source-occurrence-not-unique-bug,planned,
S102,audits/dsh-notifier-dev-second-round-full-audit.md,102,,`admin/api.mjs` 多职责严重,WP20,首页/规则/身份/会话/审批/部署全接线；Recovery按需默认关；二次start/stop正确；窄屏键盘/主题截图,,source-occurrence-not-unique-bug,planned,
S103,audits/dsh-notifier-dev-second-round-full-audit.md,103,,“军规式注释”数量非常多，源码已经混合代码、事故档案、设计文档和 taskbook,WP23,事故档案移文档，代码保留必要契约说明,,source-occurrence-not-unique-bug,planned,
S104,audits/dsh-notifier-dev-second-round-full-audit.md,104,,很多关键业务规则只存在于注释，没有被类型/结构强制表达,WP00,规则用类型/validator/组合测试表达，不能只加注释,,source-occurrence-not-unique-bug,planned,
S105,audits/dsh-notifier-dev-second-round-full-audit.md,105,,大量 `try/catch {}` 会吞掉 wiring bug,WP21,降级有diagnostics，不只warn静默,F246,source-occurrence-not-unique-bug,planned,
S106,audits/dsh-notifier-dev-second-round-full-audit.md,106,,fail-closed 与 graceful degradation 的边界在不同模块并不统一,WP03,身份/存储错误fail-closed，展示失败可降级但不能假成功,F147,source-occurrence-not-unique-bug,planned,
S107,audits/dsh-notifier-dev-second-round-full-audit.md,107,,状态枚举持续膨胀，语义越来越难保持一致,WP05,固定状态维度与单写者,F248,source-occurrence-not-unique-bug,planned,
S108,audits/dsh-notifier-dev-second-round-full-audit.md,108,,outbound hot apply / inbound restart 的用户心智复杂,WP05,UI明确已保存/应用中/失败，允许单账号重连,F248,source-occurrence-not-unique-bug,planned,
S109,audits/dsh-notifier-dev-second-round-full-audit.md,109,,入站 transport 无 hot restart，迫使系统维护 desired/active/restartPending/configRevision 多套状态,WP05,实施按账号受控重启，不擅自要求全宿主重启,F248,source-occurrence-not-unique-bug,planned,
S110,audits/dsh-notifier-dev-second-round-full-audit.md,110,,legacy Admin 与 canonical Native 配置兼容层仍未完全退出,WP20,移除日常双栈，操作仅一份authority,F205,source-occurrence-not-unique-bug,planned,
C-DSH-A01,audits/dsh-notifier-dev-complete-problem-audit-2026-10-01.md,DSH-A01,P0,`main` 仍保留 outbound deep-freeze 致命回归,WP22,dev已绕开，保留真实装配回归，不把main问题重报dev,,source-occurrence-not-unique-bug,planned,
C-DSH-A02,audits/dsh-notifier-dev-complete-problem-audit-2026-10-01.md,DSH-A02,P1,Store `get()` 暴露内部可变引用，可绕过事务直接改写内存真值,WP01,read返回detached对象,,source-occurrence-not-unique-bug,planned,
C-DSH-A03,audits/dsh-notifier-dev-complete-problem-audit-2026-10-01.md,DSH-A03,P1,Interaction Ledger 的 `terminate()` / `markUncertain()` 存在 TOCTOU，可覆盖已经落地的终态,WP04,terminate/markUncertain都在fresh事务，终态不覆盖,,source-occurrence-not-unique-bug,planned,
C-DSH-A04,audits/dsh-notifier-dev-complete-problem-audit-2026-10-01.md,DSH-A04,P1,配置导入 stale-preview 检查忽略 secret `clear` 字段，可清掉预览后刚写入的新凭据,WP13,preview检查clear和secret generation，整批拒冲突,,source-occurrence-not-unique-bug,planned,
C-DSH-A05,audits/dsh-notifier-dev-complete-problem-audit-2026-10-01.md,DSH-A05,P1,Remote URL 的 secret 检测存在两个绕过面：fragment 完全不查，`sessionId` 大小写归一错误,WP17,永久Remote URL禁query/hash和userinfo，构建安全入口,,source-occurrence-not-unique-bug,planned,
C-DSH-A06,audits/dsh-notifier-dev-complete-problem-audit-2026-10-01.md,DSH-A06,P1,Cloudflare Telegram deployment 持久化重复 bot secret，`unbind()` 不清除,WP15,本地deployment只存credentialRef/generation,,source-occurrence-not-unique-bug,planned,
C-DSH-A07,audits/dsh-notifier-dev-complete-problem-audit-2026-10-01.md,DSH-A07,P1,Cloudflare Tunnel 把“子进程成功 spawn”当成“隧道 running”,WP17,spawn只starting，不等于connected,,source-occurrence-not-unique-bug,planned,
C-DSH-A08,audits/dsh-notifier-dev-complete-problem-audit-2026-10-01.md,DSH-A08,P1,Stateful sender 的“迟到但 runtime 已成功返回的发送”被记录成确定性 failed，而不是 unknown,WP06,报告unknown建议需细化：明确受理保留accepted，仅无证据才unknown,,source-occurrence-not-unique-bug,planned,
C-DSH-A09,audits/dsh-notifier-dev-complete-problem-audit-2026-10-01.md,DSH-A09,P2,`transact()` 把 atomic rename 当成 crash-durable，但没有 fsync,WP01,file sync/dir sync和indeterminate语义明确,,source-occurrence-not-unique-bug,planned,
C-DSH-A10,audits/dsh-notifier-dev-complete-problem-audit-2026-10-01.md,DSH-A10,P2,Store stale-lock 回收只看 PID 存活，PID 复用会造成长期 `STATE_BUSY`,WP01,不抢未知活锁，离线恢复步骤处理PID复用,,source-occurrence-not-unique-bug,planned,
C-DSH-A11,audits/dsh-notifier-dev-complete-problem-audit-2026-10-01.md,DSH-A11,P2,Advanced Console server `start → stop → start → stop` 生命周期不闭合,WP20,每次start重置stopPromise，重复start/stop无残留listener,,source-occurrence-not-unique-bug,planned,
C-DSH-A12,audits/dsh-notifier-dev-complete-problem-audit-2026-10-01.md,DSH-A12,P2,Tunnel 已有持久配置在进程重启后会先被投影为 `configured:false`,WP17,配置与运行分别恢复，不懒读假未配置,,source-occurrence-not-unique-bug,planned,
C-DSH-A13,audits/dsh-notifier-dev-complete-problem-audit-2026-10-01.md,DSH-A13,P2,配置 portability 的 `notificationPreferences` scope 是死接口，导出永远为空,WP13,实现规则/静默notificationPreferences真正往返,,source-occurrence-not-unique-bug,planned,
C-DSH-A14,audits/dsh-notifier-dev-complete-problem-audit-2026-10-01.md,DSH-A14,P2,dsh-im bridge 的外部调用没有自身 timeout / abort，host Promise 可无限挂住,WP18,读取5s/发送15s deadline+abort，迟到结果不可重复发,,source-occurrence-not-unique-bug,planned,
C-DSH-A15,audits/dsh-notifier-dev-complete-problem-audit-2026-10-01.md,DSH-A15,P2,dsh-im bridge / import 明确基于“模拟且未验证”的 contract,WP18,后轮纠正：service真实存在；bridge修接线，自造import退出正式面,,source-occurrence-not-unique-bug,planned,
C-DSH-A16,audits/dsh-notifier-dev-complete-problem-audit-2026-10-01.md,DSH-A16,P2,QQ C2C markdown + 内嵌键盘仍缺真机闭环证据，Issue #26 仍 open,WP09,保留#26设备证据缺口，修协议并强制文字兜底,,source-occurrence-not-unique-bug,planned,
C-DSH-B01,audits/dsh-notifier-dev-complete-problem-audit-2026-10-01.md,DSH-B01,P2,CI 注释声称“三平台矩阵”，实际没有 Windows runner,WP22,恢复Windows核心runner，隔离toast,,source-occurrence-not-unique-bug,planned,
C-DSH-B02,audits/dsh-notifier-dev-complete-problem-audit-2026-10-01.md,DSH-B02,P2,`dev` 受保护但没有 required status checks,WP22,required checks变更列明确应用步骤，不能绕过保护,,source-occurrence-not-unique-bug,planned,
C-DSH-B03,audits/dsh-notifier-dev-complete-problem-audit-2026-10-01.md,DSH-B03,P2,`dev` 与 `main` 差距达到 95 commits，发布状态与开发状态明显分裂,WP23,区分候选与发布事实，不为缩短差距提前发main,,source-occurrence-not-unique-bug,planned,
C-DSH-B04,audits/dsh-notifier-dev-complete-problem-audit-2026-10-01.md,DSH-B04,P3,`dev` 已包含大量 v0.15 标记/能力，但 package version 仍是 `0.13.1`,WP23,候选版本/commit标识一致，不提前发布,,source-occurrence-not-unique-bug,planned,
C-DSH-B05,audits/dsh-notifier-dev-complete-problem-audit-2026-10-01.md,DSH-B05,P3,Cloud Store 只有 memory fake / unavailable placeholder，没有生产 provider,WP18,Cloud Store占位退出产品承诺，Bark D1不是通用云存储,,source-occurrence-not-unique-bug,planned,
C-DSH-C01,audits/dsh-notifier-dev-complete-problem-audit-2026-10-01.md,DSH-C01,P2,Tunnel “受保护”属性来自配置声明，不等价于实际 Cloudflare Access 已生效,WP17,protectionConfigured不等于验证Access生效,,source-occurrence-not-unique-bug,planned,
C-DSH-C02,audits/dsh-notifier-dev-complete-problem-audit-2026-10-01.md,DSH-C02,P2,Store 可变引用不是单点 typo，而是 API 级持续隐患,WP01,read返回detached对象,,source-occurrence-not-unique-bug,planned,
C-DSH-D01,audits/dsh-notifier-dev-complete-problem-audit-2026-10-01.md,DSH-D01,P1,同一渠道 type 重复配置时，不同层采用不同“谁赢”规则，产生 split-brain,WP02,重复type拒绝，不静默last-wins,,source-occurrence-not-unique-bug,planned,
C-DSH-D02,audits/dsh-notifier-dev-complete-problem-audit-2026-10-01.md,DSH-D02,P1,重复 type 时，Channel Test 可能测的不是实际运行中的配置,WP02,test必须对应运行账号与revision，重复type拒绝,,source-occurrence-not-unique-bug,planned,
C-DSH-D03,audits/dsh-notifier-dev-complete-problem-audit-2026-10-01.md,DSH-D03,P2,OutboundSource 的核心模型只能表示 `type → 单实例`,WP02,底层account维度贯通，单账号UI保留,,source-occurrence-not-unique-bug,planned,
C-DSH-D04,audits/dsh-notifier-dev-complete-problem-audit-2026-10-01.md,DSH-D04,P2,dsh-im bridge 读取错 bot 平台字段,WP18,bot读取channel，不能只取platform,,source-occurrence-not-unique-bug,planned,
C-DSH-D05,audits/dsh-notifier-dev-complete-problem-audit-2026-10-01.md,DSH-D05,P2,dsh-im bridge 完全忽略 `contractVersion`,WP18,显式contractVersion=1，不兼容不可用,,source-occurrence-not-unique-bug,planned,
C-DSH-D06,audits/dsh-notifier-dev-complete-problem-audit-2026-10-01.md,DSH-D06,P2,notifier 使用 dsh-im 的普通 `send()`，绕开其更强的 `sendChecked()`,WP18,只sendChecked，服务端绑定fingerprint/targetDigest和私聊证明,,source-occurrence-not-unique-bug,planned,
C-DSH-D07,audits/dsh-notifier-dev-complete-problem-audit-2026-10-01.md,DSH-D07,P2,dsh-im bridge 没有自己的 timeout / AbortSignal,WP18,bridge有独立deadline/abort，unknown不重试,,source-occurrence-not-unique-bug,planned,
C-DSH-D08,audits/dsh-notifier-dev-complete-problem-audit-2026-10-01.md,DSH-D08,P1,dsh-im backend endpoints 已装配，但 Native `client.js` 零调用，功能不可达,WP20,Native提供bridge正式入口；伪import退出不为其做UI,,source-occurrence-not-unique-bug,planned,
C-DSH-D09,audits/dsh-notifier-dev-complete-problem-audit-2026-10-01.md,DSH-D09,P1,`dsh-im import` 接受的是 notifier 自造格式，不是当前真实 dsh-im 格式,WP18,不存在的统一上游导入格式不再宣传或接受,,source-occurrence-not-unique-bug,planned,
C-DSH-D10,audits/dsh-notifier-dev-complete-problem-audit-2026-10-01.md,DSH-D10,P1,Native Control Surface 没有 notifier 自己的 authority / role gate,WP03,属于权限风险，实际Host映射后验证，不先断言可利用,,source-occurrence-not-unique-bug,planned,
C-DSH-D11,audits/dsh-notifier-dev-complete-problem-audit-2026-10-01.md,DSH-D11,P1,`channels.test` 把确定性失败统一标成 `unknown`,WP06,确定拒绝failed，发出后不确定才unknown,,source-occurrence-not-unique-bug,planned,
C-DSH-D12,audits/dsh-notifier-dev-complete-problem-audit-2026-10-01.md,DSH-D12,P2,dsh-im send 结果为 `unknown` 时，Activity 却记录为 `status: ok`,WP06,Activity统一DeliveryResult reducer,,source-occurrence-not-unique-bug,planned,
C-DSH-D13,audits/dsh-notifier-dev-complete-problem-audit-2026-10-01.md,DSH-D13,P2,Advanced / Recovery server 仍在新安装中默认开启,WP20,Recovery默认关并保留本地恢复步骤,,source-occurrence-not-unique-bug,planned,
C-DSH-D14,audits/dsh-notifier-dev-complete-problem-audit-2026-10-01.md,DSH-D14,P3,Native UI 是 3085 行单文件，功能继续增长时回归半径非常大,WP19,拆页面/state/rpc/styles，不新造第二套UI,,source-occurrence-not-unique-bug,planned,
C-DSH-D15,audits/dsh-notifier-dev-complete-problem-audit-2026-10-01.md,DSH-D15,P3,notifier 仍是“自己建一个顶层应用页”，没有真正进入 DSH Settings 信息架构,WP19,settings公开slot优先，缺失降级同Native页面,,source-occurrence-not-unique-bug,planned,
C-DSH-D16,audits/dsh-notifier-dev-complete-problem-audit-2026-10-01.md,DSH-D16,P3,Native 渠道列表没有渠道品牌元数据，label 只是 raw type,WP19,友好中英文名和Logo,,source-occurrence-not-unique-bug,planned,
C-DSH-D17,audits/dsh-notifier-dev-complete-problem-audit-2026-10-01.md,DSH-D17,P3,Native 首页的渠道卡只取 registry 顺序前 5 个，不按风险/常用程度排序,WP19,attention全量汇总，异常/主流/常用排序,,source-occurrence-not-unique-bug,planned,
C-DSH-D18,audits/dsh-notifier-dev-complete-problem-audit-2026-10-01.md,DSH-D18,P3,ROADMAP 与当前 dev 的实际方向已经发生明显漂移,WP23,ROADMAP更新到本包范围，历史记录分离,,source-occurrence-not-unique-bug,planned,
C-DSH-D19,audits/dsh-notifier-dev-complete-problem-audit-2026-10-01.md,DSH-D19,P3,`risks.md` 对 DNS rebinding 的描述已经自相矛盾,WP23,已有DNS pin不重报漏洞，修文档漂移,,source-occurrence-not-unique-bug,planned,
C-DSH-E01,audits/dsh-notifier-dev-complete-problem-audit-2026-10-01.md,DSH-E01,P1,`flush()` 运行时、TypeScript 声明、testing fake 三套返回值不一致,WP06,flush保留对象receipt，类型/fake修正，TS迁移说明,,source-occurrence-not-unique-bug,planned,
C-DSH-E02,audits/dsh-notifier-dev-complete-problem-audit-2026-10-01.md,DSH-E02,P1,testing fake 的失败分支 `ok` 与真实 facade 完全相反,WP06,失败fake与生产差分测试，不能改生产配合错误fake,,source-occurrence-not-unique-bug,planned,
C-DSH-E03,audits/dsh-notifier-dev-complete-problem-audit-2026-10-01.md,DSH-E03,P1,定向 `push({channel})` 会丢失 `unknown` 投递语义,WP06,单发unknown不落failed,,source-occurrence-not-unique-bug,planned,
C-DSH-E04,audits/dsh-notifier-dev-complete-problem-audit-2026-10-01.md,DSH-E04,P2,`PushResult` TypeScript 声明落后于真实广播返回,WP06,新增evidence字段，旧形状兼容,,source-occurrence-not-unique-bug,planned,
C-DSH-E05,audits/dsh-notifier-dev-complete-problem-audit-2026-10-01.md,DSH-E05,P2,公共类型回归测试是“字符串自证”，无法发现 runtime/type 漂移,WP22,真实TS消费编译，非正则自证,,source-occurrence-not-unique-bug,planned,
C-DSH-E06,audits/dsh-notifier-dev-complete-problem-audit-2026-10-01.md,DSH-E06,P1,Identity 已 account-scoped，但 Session binding 仍只有 `channel:userId`,WP02,binding完整账号隔离,,source-occurrence-not-unique-bug,planned,
C-DSH-E07,audits/dsh-notifier-dev-complete-problem-audit-2026-10-01.md,DSH-E07,P1,Task selection pending key 也没有 `accountId`,WP02,pending selection完整账号隔离,,source-occurrence-not-unique-bug,planned,
C-DSH-E08,audits/dsh-notifier-dev-complete-problem-audit-2026-10-01.md,DSH-E08,P1,审批的 owner 代决检查忽略 `accountId`,WP03,审批代决完整Principal,,source-occurrence-not-unique-bug,planned,
C-DSH-E09,audits/dsh-notifier-dev-complete-problem-audit-2026-10-01.md,DSH-E09,P1,提问的 owner 代答检查同样忽略 `accountId`,WP03,提问代答完整Principal,,source-occurrence-not-unique-bug,planned,
C-DSH-E10,audits/dsh-notifier-dev-complete-problem-audit-2026-10-01.md,DSH-E10,P2,Inbound dedup key 忽略 `accountId`,WP02,去重account+事件namespace,,source-occurrence-not-unique-bug,planned,
C-DSH-E11,audits/dsh-notifier-dev-complete-problem-audit-2026-10-01.md,DSH-E11,P3,拒绝回执节流也忽略 `accountId`,WP02,拒绝节流完整Principal,,source-occurrence-not-unique-bug,planned,
C-DSH-E12,audits/dsh-notifier-dev-complete-problem-audit-2026-10-01.md,DSH-E12,P1,Native “清除 secret”后，旧 live runtime 可继续使用已清除凭据,WP05,清secret提交与关闭准入，禁止旧runtime继续新请求,,source-occurrence-not-unique-bug,planned,
C-DSH-E13,audits/dsh-notifier-dev-complete-problem-audit-2026-10-01.md,DSH-E13,P1,官方 DSH 已发布 `0.2.0-rc.2`，notifier peer range 仍停在 `0.1.7-rc.2`,WP18,基线Host0.2rc列固定验证目标，通过后才扩支持范围,,source-occurrence-not-unique-bug,planned,
C-DSH-E14,audits/dsh-notifier-dev-complete-problem-audit-2026-10-01.md,DSH-E14,P2,Compatibility matrix 的事实说明已被上游更新打脸,WP23,兼容文档纠正上游service事实,,source-occurrence-not-unique-bug,planned,
C-DSH-E15,audits/dsh-notifier-dev-complete-problem-audit-2026-10-01.md,DSH-E15,P2,兼容门禁只验证“仓库里的三份旧声明彼此一致”，不会发现官方 Host 已更新,WP22,一致性门禁与上游新版本发现分开，不每CI联网,,source-occurrence-not-unique-bug,planned,
C-DSH-E16,audits/dsh-notifier-dev-complete-problem-audit-2026-10-01.md,DSH-E16,P2,DOM CI 不可复现，同一 commit 可随时间装到不同依赖树,WP22,DOM lock与npm ci,,source-occurrence-not-unique-bug,planned,
C-DSH-E17,audits/dsh-notifier-dev-complete-problem-audit-2026-10-01.md,DSH-E17,P2,Cloudflare 功能运行时自动下载并执行 Wrangler,WP14,版本+lock/integrity固定工具链,,source-occurrence-not-unique-bug,planned,
C-DSH-E18,audits/dsh-notifier-dev-complete-problem-audit-2026-10-01.md,DSH-E18,P3,仓库未见 SECURITY / Dependabot / CODEOWNERS 等治理文件,WP23,补安全披露/依赖策略；CODEOWNERS按实际维护者不造人,,source-occurrence-not-unique-bug,planned,
C-DSH-E19,audits/dsh-notifier-dev-complete-problem-audit-2026-10-01.md,DSH-E19,P3,notifier Native 没有内建更新状态/升级入口,WP19,复用Host更新入口/显示当前版本，不造自更新器,,source-occurrence-not-unique-bug,planned,
M001,audits/dsh-notifier-dev-two-rounds-master-audit.md,1,,Cloudflare Bark“绑定渠道”路径存在确定性断路,WP16,只用真实schema字段；D1幂等迁移；部署到正式sender穿透；未绑定/设备未知准确呈现,S001,source-occurrence-not-unique-bug,planned,
M002,audits/dsh-notifier-dev-two-rounds-master-audit.md,2,,入站运行状态可能长期“假绿”,WP05,全provider状态归RuntimeManager；缺clientState不默认online,S002,source-occurrence-not-unique-bug,planned,
M003,audits/dsh-notifier-dev-two-rounds-master-audit.md,3,,dsh-im bridge 当前字段映射不完整,WP18,v1/channel/sendChecked；target私聊证明；timeout abort；seam检测/disposer；伪导入及CloudStore退出正式承诺,S003,source-occurrence-not-unique-bug,planned,
M004,audits/dsh-notifier-dev-two-rounds-master-audit.md,4,,dsh-im import 的“已知格式迁移”与真实上游导出契约脱节,WP18,v1/channel/sendChecked；target私聊证明；timeout abort；seam检测/disposer；伪导入及CloudStore退出正式承诺,S004,source-occurrence-not-unique-bug,planned,
M005,audits/dsh-notifier-dev-two-rounds-master-audit.md,5,,公共 API 的 `delivered` 语义仍会误导消费方,WP06,delivered保留deprecated accepted alias,S005,source-occurrence-not-unique-bug,planned,
M006,audits/dsh-notifier-dev-two-rounds-master-audit.md,6,,`notify` / `notify_test` 工具仍把 provider accepted 渲染成“通知已发送”,WP06,tool renderer用新evidence，accepted只说平台已受理,S006,source-occurrence-not-unique-bug,planned,
M007,audits/dsh-notifier-dev-two-rounds-master-audit.md,7,,`notifyAll()` 只要没有 failed，就可能返回 `ok=true`，即使一个渠道都没真正发出去,WP06,零目标summary=noop且ok=false,S007,source-occurrence-not-unique-bug,planned,
M008,audits/dsh-notifier-dev-two-rounds-master-audit.md,8,,`NotifierFacade.flush()` 类型与实现不一致,WP06,flush对象receipt/类型/fake一致并明确watermark,S008,source-occurrence-not-unique-bug,planned,
M009,audits/dsh-notifier-dev-two-rounds-master-audit.md,9,,dsh-notifier 仍然是 channel-first，dsh-im 已经是 bot/account-first,WP02,底层account-aware，本轮单账号UI边界明确,S009,source-occurrence-not-unique-bug,planned,
M010,audits/dsh-notifier-dev-two-rounds-master-audit.md,10,,出站 Telegram 单配置模型无法自然表达多个机器人,WP02,底层account-aware，本轮单账号UI边界明确,S010,source-occurrence-not-unique-bug,planned,
M011,audits/dsh-notifier-dev-two-rounds-master-audit.md,11,,QQ / 飞书 / 钉钉等同样存在单账号 authority 问题,WP02,底层account-aware，本轮单账号UI边界明确,S011,source-occurrence-not-unique-bug,planned,
M012,audits/dsh-notifier-dev-two-rounds-master-audit.md,12,,入站会话绑定仍主要使用 `bind:<channel>:<userId>`,WP02,binding加入accountId且迁移不能猜归属,S012,source-occurrence-not-unique-bug,planned,
M013,audits/dsh-notifier-dev-two-rounds-master-audit.md,13,,路由只能绑定 channel type，不能绑定具体 bot / target,WP06,路由解析到稳定AccountRef+TargetRef，不只channel type,S013,source-occurrence-not-unique-bug,planned,
M014,audits/dsh-notifier-dev-two-rounds-master-audit.md,14,,“28 渠道”主要是 outbound transport 数，不等于 28 个都能远程控制,WP23,通知与控制能力分栏，数量重新生成,S014,source-occurrence-not-unique-bug,planned,
M015,audits/dsh-notifier-dev-two-rounds-master-audit.md,15,,28 个渠道在 Native UI 被放在同一级，没有主流/高级/本地/兜底分层,WP19,主流/其它IM/通知/本地分层并按实际能力排序,S015,source-occurrence-not-unique-bug,planned,
M016,audits/dsh-notifier-dev-two-rounds-master-audit.md,16,,“主流 IM 优先 + 官方 Logo”当前 dev 没真正落地,WP19,友好中英文名和Logo,S016,source-occurrence-not-unique-bug,planned,
M017,audits/dsh-notifier-dev-two-rounds-master-audit.md,17,,Channel label 直接使用内部 type,WP19,友好中英文名和Logo,S017,source-occurrence-not-unique-bug,planned,
M018,audits/dsh-notifier-dev-two-rounds-master-audit.md,18,,字段 label 直接显示内部字段名,WP19,表单label/help来自metadata,S018,source-occurrence-not-unique-bug,planned,
M019,audits/dsh-notifier-dev-two-rounds-master-audit.md,19,,dsh-im 已经是“机器人卡片”，dsh-notifier 仍是“渠道配置项”,WP02,底层account-aware，本轮单账号UI边界明确,S019,source-occurrence-not-unique-bug,planned,
M020,audits/dsh-notifier-dev-two-rounds-master-audit.md,20,,没有 per-bot workspace,WP02,不新增per-bot workspace；沿用显式任务绑定，说明范围,S020,source-occurrence-not-unique-bug,planned,
M021,audits/dsh-notifier-dev-two-rounds-master-audit.md,21,,没有 per-bot model,WP02,不新增per-bot model；沿用Host选择，不伪造能力,S021,source-occurrence-not-unique-bug,planned,
M022,audits/dsh-notifier-dev-two-rounds-master-audit.md,22,,没有 per-bot Agent Preset,WP02,不新增per-bot Preset；属于范围决定而非运行bug,S022,source-occurrence-not-unique-bug,planned,
M023,audits/dsh-notifier-dev-two-rounds-master-audit.md,23,,缺乏“聊天窗口就是 Harness 客户端”的完整体验,WP23,不扩成完整聊天客户端，现有远控闭环必须完成,S023,source-occurrence-not-unique-bug,planned,
M024,audits/dsh-notifier-dev-two-rounds-master-audit.md,24,,README 的“直接继续对话”容易让用户高估回传完整度,WP23,摘要长度/截断提示如实说明，不宣称完整对话回传,S024,source-occurrence-not-unique-bug,planned,
M025,audits/dsh-notifier-dev-two-rounds-master-audit.md,25,,dsh-im 有完整流式/编辑式回复，notifier 没有统一 renderer 层,WP04,统一文字/卡片兜底，不以全流式为本轮门槛,S025,source-occurrence-not-unique-bug,planned,
M026,audits/dsh-notifier-dev-two-rounds-master-audit.md,26,,dsh-im 有结果文件回传，notifier 的文件能力主要集中在 inbound,WP23,结果文件回传不新增普适承诺，现有附件输入修完整,S026,source-occurrence-not-unique-bug,planned,
M027,audits/dsh-notifier-dev-two-rounds-master-audit.md,27,,dsh-im 图片输入覆盖面远大于当前 notifier evidence matrix,WP08,支持矩阵如实列现有图片输入，本轮TG补图片/文件,S027,source-occurrence-not-unique-bug,planned,
M028,audits/dsh-notifier-dev-two-rounds-master-audit.md,28,,没有统一的附件产品设置面,WP20,附件限制和失败策略进Native设置/说明,S028,source-occurrence-not-unique-bug,planned,
M029,audits/dsh-notifier-dev-two-rounds-master-audit.md,29,,缺乏渠道原生菜单式控制,WP12,先完善明确命令和帮助，不做每平台新菜单系统,S029,source-occurrence-not-unique-bug,planned,
M030,audits/dsh-notifier-dev-two-rounds-master-audit.md,30,,QQ 按钮能力仍带真实设备证据缺口,WP09,保留#26设备证据缺口，修协议并强制文字兜底,S030,source-occurrence-not-unique-bug,planned,
M031,audits/dsh-notifier-dev-two-rounds-master-audit.md,31,,“一键开启 Telegram 网关”首次使用会动态 npm install Wrangler,WP14,版本+lock/integrity固定工具链,S031,source-occurrence-not-unique-bug,planned,
M032,audits/dsh-notifier-dev-two-rounds-master-audit.md,32,,Wrangler 安装是运行时供应链入口,WP14,版本+lock/integrity固定工具链,S032,source-occurrence-not-unique-bug,planned,
M033,audits/dsh-notifier-dev-two-rounds-master-audit.md,33,,Cloudflare deploy 是长时间后台 job，页面关闭后仍可能继续,WP14,持久job关闭页面可恢复查询，不只进程Promise,S033,source-occurrence-not-unique-bug,planned,
M034,audits/dsh-notifier-dev-two-rounds-master-audit.md,34,,cancel 明确不是事务 rollback,WP14,cancel只停止后续步骤，残留资源列表与显式清理,S034,source-occurrence-not-unique-bug,planned,
M035,audits/dsh-notifier-dev-two-rounds-master-audit.md,35,,Cloudflare account ownership 会让旧账号 claim 阻塞切换账号,WP14,旧CF账号资源独立记录，新账号新job，不偷claim,S035,source-occurrence-not-unique-bug,planned,
M036,audits/dsh-notifier-dev-two-rounds-master-audit.md,36,,`unbind()` 只解绑本地配置，不删除云资源,WP14,解绑保留云资源但有清单和显式删除,S036,source-occurrence-not-unique-bug,planned,
M037,audits/dsh-notifier-dev-two-rounds-master-audit.md,37,,Cloudflare health=ready 不是业务端到端 ready,WP15,healthz/getMe/业务证据分别展示,S037,source-occurrence-not-unique-bug,planned,
M038,audits/dsh-notifier-dev-two-rounds-master-audit.md,38,,Remote Entry 本质只是 URL validator，不是真远程暴露能力,WP17,地址配置与Tunnel分开命名，不伪称已公网暴露,S038,source-occurrence-not-unique-bug,planned,
M039,audits/dsh-notifier-dev-two-rounds-master-audit.md,39,,Tunnel / Worker gateway / Remote URL 是三套不同机制,WP19,按TG连接/Bark自托管/远程访问分入口,S039,source-occurrence-not-unique-bug,planned,
M040,audits/dsh-notifier-dev-two-rounds-master-audit.md,40,,Tunnel advanced entry 仍要求用户自备 cloudflared binary + credentials file,WP17,Tunnel保留高级凭据前提，不把Workers OAuth当Tunnel凭据,S040,source-occurrence-not-unique-bug,planned,
M041,audits/dsh-notifier-dev-two-rounds-master-audit.md,41,,`client.js` 已超过 15 万字符、3000 行,WP19,按RPC/controller/pages/components/styles拆client.js,S041,source-occurrence-not-unique-bug,planned,
M042,audits/dsh-notifier-dev-two-rounds-master-audit.md,42,,`src/index.mjs` 仍超过 1100 行,WP20,index只保留assembly，领域逻辑回服务,S042,source-occurrence-not-unique-bug,planned,
M043,audits/dsh-notifier-dev-two-rounds-master-audit.md,43,,`admin/api.mjs` 约 1360 行,WP20,admin只做adapter与恢复，不重复业务规则,S043,source-occurrence-not-unique-bug,planned,
M044,audits/dsh-notifier-dev-two-rounds-master-audit.md,44,,`admin/ui/client.mjs` 约 1831 行,WP20,删日常双栈而非仅拆大文件,S044,source-occurrence-not-unique-bug,planned,
M045,audits/dsh-notifier-dev-two-rounds-master-audit.md,45,,Home 的“健康”仍是 notify-centric,WP20,control-only首页不报未配置通知,S045,source-occurrence-not-unique-bug,planned,
M046,audits/dsh-notifier-dev-two-rounds-master-audit.md,46,,Home attention 只找第一个 inactive/degraded channel,WP20,全部异常计数和可展开列表，不只第一项,S046,source-occurrence-not-unique-bug,planned,
M047,audits/dsh-notifier-dev-two-rounds-master-audit.md,47,,Activity 是纯内存，重启即消失,WP21,历史持久化有界，重启不清错也不刷绿,S047,source-occurrence-not-unique-bug,planned,
M048,audits/dsh-notifier-dev-two-rounds-master-audit.md,48,,Activity / Ledger / Admin Audit / Health / EventHub 是重复但不一致的事件历史,WP21,统一correlation与结果，区分审计/投递/health保留语义,S048,source-occurrence-not-unique-bug,planned,
M049,audits/dsh-notifier-dev-two-rounds-master-audit.md,49,,Health evidence 是进程内 Map，重启后健康证据归零,WP21,历史持久化有界，重启不清错也不刷绿,S049,source-occurrence-not-unique-bug,planned,
M050,audits/dsh-notifier-dev-two-rounds-master-audit.md,50,,Diagnostics 的 `storage.writable` 是状态推断，不是真写测试,WP21,probe或最近提交时间作为证据，不由ready推断writable,S050,source-occurrence-not-unique-bug,planned,
M051,audits/dsh-notifier-dev-two-rounds-master-audit.md,51,,Native channel projection 仍依赖 Admin API 读取 inbound rows,WP19,Native直接读canonical投影，不依赖Admin API,S051,source-occurrence-not-unique-bug,planned,
M052,audits/dsh-notifier-dev-two-rounds-master-audit.md,52,,`adminApi.getChannels()` 异常会被直接降级为空数组,WP19,错误返回unavailable，不catch空列表,S052,source-occurrence-not-unique-bug,planned,
M053,audits/dsh-notifier-dev-two-rounds-master-audit.md,53,,SetupFlow candidate 过滤是 `notify.editable !== false`,WP19,正向检查notify/control/editability，不以非false推可用,S053,source-occurrence-not-unique-bug,planned,
M054,audits/dsh-notifier-dev-two-rounds-master-audit.md,54,,向导字段顺序完全由 object insertion order 决定,WP19,presentation schema显式order,S054,source-occurrence-not-unique-bug,planned,
M055,audits/dsh-notifier-dev-two-rounds-master-audit.md,55,,缺乏正式 conditional field schema,WP19,presentation schema显式visibleWhen且后端也校验,S055,source-occurrence-not-unique-bug,planned,
M056,audits/dsh-notifier-dev-two-rounds-master-audit.md,56,,Bark `key / barkUrl / server` 的模型不统一,WP16,只用真实schema字段；D1幂等迁移；部署到正式sender穿透；未绑定/设备未知准确呈现,S056,source-occurrence-not-unique-bug,planned,
M057,audits/dsh-notifier-dev-two-rounds-master-audit.md,57,,`apiBase / timeoutMs` 被作为通用 engine 字段允许，但 UI/adapter 未必都真正理解,WP19,每adapter声明支持的engine字段，无实现不可写,S057,source-occurrence-not-unique-bug,planned,
M058,audits/dsh-notifier-dev-two-rounds-master-audit.md,58,,Native UI 仍是独立 sidebar/main panel，不是 dsh-im 的一级 Settings 产品位,WP19,公开Host设置slot优先，不依赖私有DOM,S058,source-occurrence-not-unique-bug,planned,
M059,audits/dsh-notifier-dev-two-rounds-master-audit.md,59,,Store 跨进程锁使用同步 `Atomics.wait()` 阻塞主线程,WP01,异步锁退避替代Atomics.wait,S059,source-occurrence-not-unique-bug,planned,
M060,audits/dsh-notifier-dev-two-rounds-master-audit.md,60,,Store 仍是整 JSON state 文件事务,WP01,无变更不写，有界队列和整文件性能预算,S060,source-occurrence-not-unique-bug,planned,
M061,audits/dsh-notifier-dev-two-rounds-master-audit.md,61,,所有状态域共享同一个 state.json 故障半径,WP01,单文件共享故障如实标注，信任状态阻止误用,S061,source-occurrence-not-unique-bug,planned,
M062,audits/dsh-notifier-dev-two-rounds-master-audit.md,62,,启动损坏时读侧 fail-open 到 `{}`，要求每个业务层都正确检查 storage trust,WP01,读错误不变空配置，UI显示unavailable,S062,source-occurrence-not-unique-bug,planned,
M063,audits/dsh-notifier-dev-two-rounds-master-audit.md,63,,Ledger 写失败完全静默,WP21,记录写失败可观察，关键interaction不继续副作用,S063,source-occurrence-not-unique-bug,planned,
M064,audits/dsh-notifier-dev-two-rounds-master-audit.md,64,,Admin audit 写失败不影响 mutation，因此不是强一致审计,WP21,安全mutation审计intent随主事务,S064,source-occurrence-not-unique-bug,planned,
M065,audits/dsh-notifier-dev-two-rounds-master-audit.md,65,,大量关键状态仍是 process-local,WP05,各process-local状态分类：claim持久化，缓存epoch与容量/恢复,S065,source-occurrence-not-unique-bug,planned,
M066,audits/dsh-notifier-dev-two-rounds-master-audit.md,66,,callback refs 重启全部失效,WP04,持久ref带来源TTL，重启仍验证当前权限,S066,source-occurrence-not-unique-bug,planned,
M067,audits/dsh-notifier-dev-two-rounds-master-audit.md,67,,turn/end 摘录依赖 process-local assistant cache,WP12,优先Host可用结果读取；缓存缺失显示摘要不可用不编造,S067,source-occurrence-not-unique-bug,planned,
M068,audits/dsh-notifier-dev-two-rounds-master-audit.md,68,,CI 明确不跑 Windows,WP22,恢复Windows核心runner，隔离toast,S068,source-occurrence-not-unique-bug,planned,
M069,audits/dsh-notifier-dev-two-rounds-master-audit.md,69,,因 desktop toast 移除整个 Windows runner，牺牲了整个 Windows 测试面,WP22,恢复Windows核心runner，隔离toast,S069,source-occurrence-not-unique-bug,planned,
M070,audits/dsh-notifier-dev-two-rounds-master-audit.md,70,,Cloudflare release test 没覆盖 Bark link,WP16,只用真实schema字段；D1幂等迁移；部署到正式sender穿透；未绑定/设备未知准确呈现,S070,source-occurrence-not-unique-bug,planned,
M071,audits/dsh-notifier-dev-two-rounds-master-audit.md,71,,大量“done”是 fixture/contract done，不是 product done,WP23,事实/版本/能力一致；问题账本结案证据；截图；候选SHA；main/tag/npm保留发布决定，不自动发版,S071,source-occurrence-not-unique-bug,planned,
M072,audits/dsh-notifier-dev-two-rounds-master-audit.md,72,,HANDOFF 与现在真实 dsh-im 上游已经发生事实漂移,WP23,风险分当前/历史并关联SHA,S072,source-occurrence-not-unique-bug,planned,
M073,audits/dsh-notifier-dev-two-rounds-master-audit.md,73,,host compatibility 验证集中在 0.1.7 alpha/rc 小范围,WP18,v1/channel/sendChecked；target私聊证明；timeout abort；seam检测/disposer；伪导入及CloudStore退出正式承诺,S073,source-occurrence-not-unique-bug,planned,
M074,audits/dsh-notifier-dev-two-rounds-master-audit.md,74,,Native integration 已经发生过真实宿主 seam 不可用，只能走 guarded fallback,WP18,v1/channel/sendChecked；target私聊证明；timeout abort；seam检测/disposer；伪导入及CloudStore退出正式承诺,S074,source-occurrence-not-unique-bug,planned,
M075,audits/dsh-notifier-dev-two-rounds-master-audit.md,75,,package 的 `dshWorkshop.evidence` 仍有多项 null,WP22,用实际lifecycle证据填元数据，不填虚假true,S075,source-occurrence-not-unique-bug,planned,
M076,audits/dsh-notifier-dev-two-rounds-master-audit.md,76,,`allowPrivateNetwork` webhook 是一个显式 SSRF capability,WP03,管理者显式网络权限，既有pin防护保留,S076,source-occurrence-not-unique-bug,planned,
M077,audits/dsh-notifier-dev-two-rounds-master-audit.md,77,,Cloudflare runner 子进程继承整个 `process.env`,WP14,最小env/受控模板/工具来源边界,S077,source-occurrence-not-unique-bug,planned,
M078,audits/dsh-notifier-dev-two-rounds-master-audit.md,78,,Runtime npm install 同样继承完整环境,WP14,最小env/受控模板/工具来源边界,S078,source-occurrence-not-unique-bug,planned,
M079,audits/dsh-notifier-dev-two-rounds-master-audit.md,79,,state.json 仍然是 plaintext secret store,WP01,集中credential authority与文件权限；不假称同文件钥匙加密安全,S079,source-occurrence-not-unique-bug,planned,
M080,audits/dsh-notifier-dev-two-rounds-master-audit.md,80,,Windows 上 chmod 0600 并不等价 Unix ACL,WP01,权限失败可见，Windows单独权限策略,S080,source-occurrence-not-unique-bug,planned,
M081,audits/dsh-notifier-dev-two-rounds-master-audit.md,81,,`/log` 依赖 token-like regex redaction，不是语义级脱敏,WP21,结构化secret字段脱敏+URL规则+兜底扫描,S081,source-occurrence-not-unique-bug,planned,
M082,audits/dsh-notifier-dev-two-rounds-master-audit.md,82,,dsh-im bridge 是新的 trust expansion,WP18,管理权限+target私聊证明+sendChecked，不能服务存在即授权,S082,source-occurrence-not-unique-bug,planned,
M083,audits/dsh-notifier-dev-two-rounds-master-audit.md,83,,dsh-im 当前已到 4.34.0，发布循环很快,WP23,竞品发布频率是背景，不列代码修复,S083,source-occurrence-not-unique-bug,planned,
M084,audits/dsh-notifier-dev-two-rounds-master-audit.md,84,,审查时 GitHub 社区规模差距明显,WP23,stars/forks是背景，不列缺陷,S084,source-occurrence-not-unique-bug,planned,
M085,audits/dsh-notifier-dev-two-rounds-master-audit.md,85,,dsh-im 已经把“IM 是 DSH 第二客户端”的定位做得很清楚,WP23,明确通知+私聊远控定位，不追完整客户端,S085,source-occurrence-not-unique-bug,planned,
M086,audits/dsh-notifier-dev-two-rounds-master-audit.md,86,,notifier 的“28 渠道”数量优势会被主流 IM 的能力深度稀释,WP23,能力深度与数量分开宣传,S086,source-occurrence-not-unique-bug,planned,
M087,audits/dsh-notifier-dev-two-rounds-master-audit.md,87,,notifier 真正差异化的“通知路由/多推送 provider”当前 UI 没突出出来,WP20,按用户任务组织主流程,S087,source-occurrence-not-unique-bug,planned,
M088,audits/dsh-notifier-dev-two-rounds-master-audit.md,88,,escalation 是技术能力，但没形成用户可理解的产品能力,WP20,按用户任务组织主流程,S088,source-occurrence-not-unique-bug,planned,
M089,audits/dsh-notifier-dev-two-rounds-master-audit.md,89,,level routing 也是隐藏能力,WP20,按用户任务组织主流程,S089,source-occurrence-not-unique-bug,planned,
M090,audits/dsh-notifier-dev-two-rounds-master-audit.md,90,,Public notifier service 是生态能力，但 discoverability 很低,WP23,提供public API最小消费示例和错误语义，提升可发现性,S090,source-occurrence-not-unique-bug,planned,
M091,audits/dsh-notifier-dev-two-rounds-master-audit.md,91,,README 过度简化后，关键能力边界消失,WP23,通知与控制能力分栏，数量重新生成,S091,source-occurrence-not-unique-bug,planned,
M092,audits/dsh-notifier-dev-two-rounds-master-audit.md,92,,“回复、回答提问或处理审批”容易让用户误解为主流渠道普遍同深度支持,WP23,通知与控制能力分栏，数量重新生成,S092,source-occurrence-not-unique-bug,planned,
M093,audits/dsh-notifier-dev-two-rounds-master-audit.md,93,,Telegram“一键网关”文案比真实依赖链更丝滑,WP23,主流接入优先，CF文档移高级入口,S093,source-occurrence-not-unique-bug,planned,
M094,audits/dsh-notifier-dev-two-rounds-master-audit.md,94,,当前 README 没展示新版 Native UI 截图,WP20,Native真实组合截图与错误态旅程,S094,source-occurrence-not-unique-bug,planned,
M095,audits/dsh-notifier-dev-two-rounds-master-audit.md,95,,README 对 UI 改造的证明力度明显弱于 dsh-im,WP20,Native真实组合截图与错误态旅程,S095,source-occurrence-not-unique-bug,planned,
M096,audits/dsh-notifier-dev-two-rounds-master-audit.md,96,,#45 / #46 证明“全绿测试 ≠ 真实 runtime 可用”,WP22,真实source→runtime→sender回归,S096,source-occurrence-not-unique-bug,planned,
M098,audits/dsh-notifier-dev-two-rounds-master-audit.md,98,,#25 维护公告已到期但仍 open,WP23,维护公告状态列待用户决定，不能擅自发评论或关闭issue,S098,source-occurrence-not-unique-bug,planned,
M099,audits/dsh-notifier-dev-two-rounds-master-audit.md,99,,README stable 版本与 dev 产品形态差距已经很大,WP23,发布版/dev候选文案区分,S099,source-occurrence-not-unique-bug,planned,
M100,audits/dsh-notifier-dev-two-rounds-master-audit.md,100,,Unreleased 实际是产品代际变化，但 CHANGELOG 只写了几条概括,WP23,CHANGELOG按迁移/兼容/产品行为写完整，不只更新版本,S100,source-occurrence-not-unique-bug,planned,
M101,audits/dsh-notifier-dev-two-rounds-master-audit.md,101,,`conversation.mjs` 超过 1100 行,WP12,会话内有序；明确任务选择；无占位符污染；部分附件失败先确认；Host Promise与registry重建,S101,source-occurrence-not-unique-bug,planned,
M102,audits/dsh-notifier-dev-two-rounds-master-audit.md,102,,`admin/api.mjs` 多职责严重,WP20,首页/规则/身份/会话/审批/部署全接线；Recovery按需默认关；二次start/stop正确；窄屏键盘/主题截图,S102,source-occurrence-not-unique-bug,planned,
M103,audits/dsh-notifier-dev-two-rounds-master-audit.md,103,,“军规式注释”数量非常多，源码已经混合代码、事故档案、设计文档和 taskbook,WP23,事故档案移文档，代码保留必要契约说明,S103,source-occurrence-not-unique-bug,planned,
M104,audits/dsh-notifier-dev-two-rounds-master-audit.md,104,,很多关键业务规则只存在于注释，没有被类型/结构强制表达,WP00,规则用类型/validator/组合测试表达，不能只加注释,S104,source-occurrence-not-unique-bug,planned,
M105,audits/dsh-notifier-dev-two-rounds-master-audit.md,105,,大量 `try/catch {}` 会吞掉 wiring bug,WP21,降级有diagnostics，不只warn静默,S105,source-occurrence-not-unique-bug,planned,
M106,audits/dsh-notifier-dev-two-rounds-master-audit.md,106,,fail-closed 与 graceful degradation 的边界在不同模块并不统一,WP03,身份/存储错误fail-closed，展示失败可降级但不能假成功,S106,source-occurrence-not-unique-bug,planned,
M107,audits/dsh-notifier-dev-two-rounds-master-audit.md,107,,状态枚举持续膨胀，语义越来越难保持一致,WP05,固定状态维度与单写者,S107,source-occurrence-not-unique-bug,planned,
M108,audits/dsh-notifier-dev-two-rounds-master-audit.md,108,,outbound hot apply / inbound restart 的用户心智复杂,WP05,UI明确已保存/应用中/失败，允许单账号重连,S108,source-occurrence-not-unique-bug,planned,
M109,audits/dsh-notifier-dev-two-rounds-master-audit.md,109,,入站 transport 无 hot restart，迫使系统维护 desired/active/restartPending/configRevision 多套状态,WP05,实施按账号受控重启，不擅自要求全宿主重启,S109,source-occurrence-not-unique-bug,planned,
M110,audits/dsh-notifier-dev-two-rounds-master-audit.md,110,,legacy Admin 与 canonical Native 配置兼容层仍未完全退出,WP20,移除日常双栈，操作仅一份authority,S110,source-occurrence-not-unique-bug,planned,
M-P1-01,audits/dsh-notifier-dev-two-rounds-master-audit.md,P1-01,P1,Cloudflare `unbind` 不能恢复完整的原配置，会永久留下/覆盖凭据与目标字段,WP15,条件撤回字段，新bind不改凭据；旧缺backup明确不可完整恢复,,source-occurrence-not-unique-bug,planned,
M-P1-02,audits/dsh-notifier-dev-two-rounds-master-audit.md,P1-02,P1,Cloudflare 重新部署会优先复用旧 deployment token，可能把用户的新 Telegram token 回滚成旧值,WP15,canonical凭据优先且generation检查，不用deployment旧token,,source-occurrence-not-unique-bug,planned,
M-P1-03,audits/dsh-notifier-dev-two-rounds-master-audit.md,P1-03,P1,Cloudflare deployment 直接修改 `store.get()` 返回对象，绕开事务，写盘失败时会出现“内存已变、磁盘没变”,WP01,detached读取+fresh事务,,source-occurrence-not-unique-bug,planned,
M-P1-04,audits/dsh-notifier-dev-two-rounds-master-audit.md,P1-04,P1,配置导入的 stale-preview 只保护 public patch，不保护 credential `clear`，会清掉预览后刚更新的新凭据,WP13,clear参与stale检查,,source-occurrence-not-unique-bug,planned,
M-P2-01,audits/dsh-notifier-dev-two-rounds-master-audit.md,P2-01,P2,Remote Entry 的“禁止秘密参数”校验可被 URL fragment 直接绕过，并存在 `sessionId` 大小写逻辑错误,WP17,永久URL禁query/hash与userinfo,,source-occurrence-not-unique-bug,planned,
M-P2-02,audits/dsh-notifier-dev-two-rounds-master-audit.md,P2-02,P2,Cloudflare Tunnel 已持久化配置在重启后不会进入 `status()`，状态投影会假报 `configured: false`,WP17,持久配置独立投影,,source-occurrence-not-unique-bug,planned,
M-P2-03,audits/dsh-notifier-dev-two-rounds-master-audit.md,P2-03,P2,Tunnel 的异步 dispose 结果被上层吞掉，插件热重载存在旧、新 cloudflared 短时重叠窗口,WP17,dispose逐层return/await直到Host,,source-occurrence-not-unique-bug,planned,
M-P2-04,audits/dsh-notifier-dev-two-rounds-master-audit.md,P2-04,P2,出站配置保存返回值可能宣称 `runtimeState: failed`，而 runtime truth 同时被写成 `online + restartPending`,WP05,save receipt使用同runtime投影，不两套状态,,source-occurrence-not-unique-bug,planned,
M-P2-06,audits/dsh-notifier-dev-two-rounds-master-audit.md,P2-06,P2,dsh-im “结果未知”发送在 Activity 中同时被标记 `failed: true` 和 `status: ok`,WP06,unknown Activity不为ok/failed二选一,,source-occurrence-not-unique-bug,planned,
M-P2-07,audits/dsh-notifier-dev-two-rounds-master-audit.md,P2-07,P2,store lock 的“活 PID 永不按年龄回收”会被 PID reuse / 权限探测异常卡成长期 `STATE_BUSY`,WP01,未知活锁不抢；离线恢复有明确步骤,,source-occurrence-not-unique-bug,planned,
M-P2-08,audits/dsh-notifier-dev-two-rounds-master-audit.md,P2-08,P2,`engines: node >=22`，但 CI 只跑 Node 22；Node 24/26 等被声明支持却没有持续回归覆盖,WP22,Node版本测试与支持声明分开,,source-occurrence-not-unique-bug,planned,
M-P2-10,audits/dsh-notifier-dev-two-rounds-master-audit.md,P2-10,P2,`verify:release` 存在但没有被 GitHub Actions CI 调用，发布守卫不是自动门禁,WP22,verify-release进CI,,source-occurrence-not-unique-bug,planned,
M-P3-01,audits/dsh-notifier-dev-two-rounds-master-audit.md,P3-01,P3,`dev` 虽标记 protected，但 required status checks 当前实际是 `off`,WP22,required checks应用步骤与证据,,source-occurrence-not-unique-bug,planned,
M-P3-02,audits/dsh-notifier-dev-two-rounds-master-audit.md,P3-02,P3,Cloudflare device login 失败/取消后可能残留旧授权 URL / user code,WP14,login finally清过期code/URL,,source-occurrence-not-unique-bug,planned,
M-P3-03,audits/dsh-notifier-dev-two-rounds-master-audit.md,P3-03,P3,Tunnel 的 `running` 只表示 child process 已 spawn，不表示 Cloudflare Tunnel 已建立可用连接,WP17,spawn只starting，连接证据独立,,source-occurrence-not-unique-bug,planned,
